date,timestamp,open,high,low,close,volume,source_symbol,source
2019-04-18,1555545600,2.496,2.496,2.452,2.462,,,
2019-04-22,1555891200,2.462,2.487,2.457,2.487,,,
2019-04-23,1555977600,2.482,2.488,2.454,2.459,,,
2019-04-24,1556064000,2.462,2.462,2.405,2.41,,,
2019-04-25,1556150400,2.407,2.435,2.405,2.427,,,
2019-04-26,1556236800,2.427,2.427,2.382,2.387,,,
2019-04-29,1556496000,2.39,2.429,2.39,2.414,,,
2019-04-30,1556582400,2.413,2.437,2.387,2.39,,,
2019-05-01,1556668800,2.39,2.409,2.336,2.397,,,
2019-05-02,1556755200,2.399,2.453,2.399,2.446,,,
2019-05-03,1556841600,2.443,2.468,2.419,2.425,,,
2019-05-06,1557100800,2.429,2.429,2.365,2.365,,,
2019-05-07,1557187200,2.394,2.394,2.343,2.355,,,
2019-05-08,1557273600,2.346,2.388,2.326,2.38,,,
2019-05-09,1557360000,2.382,2.382,2.316,2.338,,,
2019-05-10,1557446400,2.346,2.368,2.319,2.365,,,
2019-05-13,1557705600,2.326,2.336,2.272,2.287,,,
2019-05-14,1557792000,2.287,2.309,2.277,2.292,,,
2019-05-15,1557878400,2.294,2.302,2.237,2.253,,,
2019-05-16,1557964800,2.257,2.299,2.236,2.275,,,
2019-05-17,1558051200,2.275,2.289,2.245,2.275,,,
2019-05-20,1558310400,2.28,2.306,2.267,2.306,,,
2019-05-21,1558396800,2.306,2.331,2.296,2.322,,,
2019-05-22,1558483200,2.323,2.328,2.273,2.275,,,
2019-05-23,1558569600,2.272,2.277,2.182,2.214,,,
2019-05-24,1558656000,2.214,2.228,2.204,2.218,,,
2019-05-28,1559001600,2.208,2.213,2.153,2.158,,,
2019-05-29,1559088000,2.159,2.167,2.107,2.162,,,
2019-05-30,1559174400,2.165,2.192,2.118,2.12,,,
2019-05-31,1559260800,2.119,2.12,2.019,2.024,,,
2019-06-03,1559520000,2.019,2.024,1.947,1.959,,,
2019-06-04,1559606400,1.962,2.038,1.962,2.021,,,
2019-06-05,1559692800,2.009,2.021,1.95,2.014,,,
2019-06-06,1559779200,2.009,2.017,1.971,2.005,,,
2019-06-07,1559865600,2.005,2.014,1.933,1.971,,,
2019-06-11,1560211200,2.0130000114441,2.0380001068115,1.9960000514984,2.0369999408722,,,
2019-06-12,1560297600,2.0250000953674,2.0620000362396,2.0230000019073,2.0309998989105,,,
2019-06-13,1560384000,2.0260000228882,2.0309998989105,1.9900000095367,1.9950000047684,,,
2019-06-14,1560470400,1.99899995327,2.0020000934601,1.9459999799728,1.9559999704361,,,
2019-06-15,1560556800,1.9490000009537,1.9769999980927,1.9179999828339,1.9509999752045,,,
2019-06-17,1560729600,1.981,1.985,1.951,1.97,,,
2019-06-18,1560816000,1.966,1.97,1.886,1.934,,,
2019-06-19,1560902400,1.934,1.975,1.886,1.886,,,
2019-06-20,1560988800,1.889,1.905,1.84,1.898,,,
2019-06-21,1561075200,1.89,1.938,1.869,1.918,,,
2019-06-24,1561334400,1.919,1.924,1.874,1.874,,,
2019-06-25,1561420800,1.876,1.881,1.84,1.85,,,
2019-06-26,1561507200,1.852,1.922,1.852,1.917,,,
2019-06-27,1561593600,1.919,1.946,1.878,1.883,,,
2019-06-28,1561680000,1.883,1.899,1.868,1.88,,,
2019-07-01,1561939200,1.913,1.921,1.88,1.885,,,
2019-07-02,1562025600,1.887,1.894,1.847,1.849,,,
2019-07-03,1562112000,1.847,1.847,1.813,1.834,,,
2019-07-05,1562284800,1.825,1.954,1.822,1.921,,,
2019-07-08,1562544000,1.93,1.946,1.899,1.942,,,
2019-07-09,1562630400,1.94,1.964,1.925,1.962,,,
2019-07-10,1562716800,1.969,2.0,1.957,1.996,,,
2019-07-11,1562803200,1.909,1.957,1.909,1.957,,,
2019-07-12,1562889600,2.001,2.004,1.988,1.988,,,
2019-07-15,1563148800,1.997,2.002,1.959,1.959,,,
2019-07-16,1563235200,1.957,2.015,1.955,2.015,,,
2019-07-17,1563321600,1.984,1.986,1.951,1.951,,,
2019-07-18,1563408000,1.921,1.938,1.913,1.931,,,
2019-07-19,1563494400,1.904,1.904,1.901,1.901,,,
2019-07-22,1563753600,1.933,1.938,1.901,1.918,,,
2019-07-23,1563840000,1.918,1.949,1.914,1.949,,,
2019-07-24,1563926400,1.943,1.95,1.905,1.918,,,
2019-07-25,1564012800,1.922,1.972,1.887,1.957,,,
2019-07-26,1564099200,1.96,1.966,1.94,1.949,,,
2019-07-29,1564358400,1.947,1.947,1.925,1.942,,,
2019-07-30,1564444800,1.94,1.952,1.923,1.94,,,
2019-07-31,1564531200,1.94,1.952,1.901,1.917,,,
2019-08-01,1564617600,1.909,1.961,1.761,1.775,,,
2019-08-02,1564704000,1.78,1.787,1.718,1.741,,,
2019-08-05,1564963200,1.748,1.748,1.607,1.607,,,
2019-08-06,1565049600,1.614,1.668,1.569,1.602,,,
2019-08-07,1565136000,1.614,1.637,1.515,1.637,,,
2019-08-08,1565222400,1.627,1.677,1.604,1.622,,,
2019-08-09,1565308800,1.621,1.658,1.59,1.656,,,
2019-08-12,1565568000,1.655,1.655,1.55,1.566,,,
2019-08-13,1565654400,1.557,1.646,1.538,1.64,,,
2019-08-14,1565740800,1.639,1.639,1.526,1.538,,,
2019-08-15,1565827200,1.54,1.553,1.444,1.462,,,
2019-08-16,1565913600,1.485,1.535,1.453,1.492,,,
2019-08-19,1566172800,1.511,1.553,1.504,1.553,,,
2019-08-20,1566259200,1.553,1.553,1.478,1.502,,,
2019-08-21,1566345600,1.496,1.544,1.496,1.537,,,
2019-08-22,1566432000,1.537,1.567,1.506,1.562,,,
2019-08-23,1566518400,1.558,1.607,1.454,1.475,,,
2019-08-26,1566777600,1.409,1.491,1.395,1.48,,,
2019-08-27,1566864000,1.481,1.481,1.429,1.433,,,
2019-08-28,1566950400,1.433,1.447,1.409,1.422,,,
2019-08-29,1567036800,1.435,1.486,1.403,1.456,,,
2019-08-30,1567123200,1.451,1.492,1.446,1.455,,,
2019-09-03,1567468800,1.462,1.484,1.38,1.401,,,
2019-09-04,1567555200,1.406,1.434,1.384,1.399,,,
2019-09-05,1567641600,1.401,1.524,1.401,1.505,,,
2019-09-06,1567728000,1.508,1.553,1.484,1.51,,,
2019-09-09,1567987200,1.505,1.582,1.505,1.579,,,
2019-09-10,1568073600,1.582,1.68,1.56,1.673,,,
2019-09-11,1568160000,1.685,1.688,1.649,1.677,,,
2019-09-12,1568246400,1.68,1.732,1.612,1.71,,,
2019-09-13,1568332800,1.713,1.841,1.702,1.833,,,
2019-09-16,1568592000,1.836,1.836,1.761,1.783,,,
2019-09-17,1568678400,1.778,1.785,1.737,1.744,,,
2019-09-18,1568764800,1.749,1.761,1.685,1.756,,,
2019-09-19,1568851200,1.759,1.776,1.71,1.735,,,
2019-09-20,1568937600,1.738,1.74,1.667,1.672,,,
2019-09-23,1569196800,1.669,1.711,1.609,1.667,,,
2019-09-24,1569283200,1.662,1.665,1.571,1.59,,,
2019-09-25,1569369600,1.592,1.675,1.576,1.675,,,
2019-09-26,1569456000,1.672,1.672,1.619,1.639,,,
2019-10-04,1570147200,1.441,1.446,1.422,1.446,,,
2019-10-07,1570406400,1.434,1.484,1.417,1.481,,,
2019-10-08,1570492800,1.483,1.505,1.429,1.444,,,
2019-10-09,1570579200,1.445,1.502,1.441,1.5,,,
2019-10-10,1570665600,1.496,1.582,1.455,1.582,,,
2019-10-11,1570752000,1.58,1.685,1.557,1.645,,,
2019-10-15,1571097600,1.629,1.687,1.589,1.685,,,
2019-10-16,1571184000,1.682,1.682,1.626,1.651,,,
2019-10-17,1571270400,1.654,1.706,1.632,1.666,,,
2019-10-18,1571356800,1.661,1.68,1.635,1.658,,,
2019-10-21,1571616000,1.644,1.709,1.642,1.709,,,
2019-10-22,1571702400,1.706,1.712,1.67,1.67,,,
2019-10-23,1571788800,1.675,1.683,1.639,1.68,,,
2019-10-24,1571875200,1.683,1.693,1.651,1.68,,,
2019-10-25,1571961600,1.678,1.725,1.661,1.709,,,
2019-10-28,1572220800,1.715,1.77,1.713,1.751,,,
2019-10-29,1572307200,1.754,1.768,1.734,1.749,,,
2019-10-30,1572393600,1.744,1.749,1.687,1.687,,,
2019-10-31,1572480000,1.687,1.708,1.597,1.604,,,
2019-11-01,1572566400,1.608,1.661,1.586,1.63,,,
2019-11-04,1572825600,1.63,1.68,1.63,1.668,,,
2019-11-08,1573171200,1.818,1.863,1.818,1.86,,,
2019-11-12,1573516800,1.841,1.875,1.827,1.851,,,
2019-11-13,1573603200,1.843,1.846,1.783,1.798,,,
2019-11-14,1573689600,1.805,1.807,1.718,1.733,,,
2019-11-15,1573776000,1.733,1.764,1.733,1.752,,,
2019-11-18,1574035200,1.742,1.769,1.714,1.735,,,
2019-11-19,1574121600,1.733,1.747,1.706,1.714,,,
2019-11-20,1574208000,1.714,1.714,1.658,1.678,,,
2019-11-21,1574294400,1.678,1.716,1.637,1.706,,,
2019-11-22,1574380800,1.709,1.719,1.683,1.706,,,
2019-11-25,1574640000,1.716,1.731,1.692,1.699,,,
2019-11-26,1574726400,1.692,1.716,1.674,1.685,,,
2019-11-27,1574812800,1.683,1.726,1.683,1.719,,,
2019-11-28,1574899200,1.718,1.718,1.718,1.718,,,
2019-11-29,1574985600,1.717,1.742,1.711,1.729,,,
2019-12-02,1575244800,1.742,1.798,1.742,1.761,,,
2019-12-03,1575331200,1.763,1.787,1.637,1.656,,,
2019-12-04,1575417600,1.653,1.72,1.639,1.711,,,
2019-12-05,1575504000,1.711,1.754,1.694,1.744,,,
2019-12-06,1575590400,1.742,1.8,1.723,1.773,,,
2019-12-09,1575849600,1.78,1.78,1.747,1.759,,,
2019-12-10,1575936000,1.756,1.788,1.74,1.783,,,
2019-12-11,1576022400,1.783,1.785,1.725,1.738,,,
2019-12-12,1576108800,1.735,1.846,1.725,1.831,,,
2019-12-13,1576195200,1.835,1.889,1.754,1.762,,,
2019-12-16,1576454400,1.762,1.829,1.762,1.812,,,
2019-12-17,1576540800,1.811,1.827,1.793,1.82,,,
2019-12-18,1576627200,1.812,1.866,1.803,1.849,,,
2019-12-19,1576713600,1.851,1.883,1.829,1.854,,,
2019-12-20,1576800000,1.854,1.876,1.844,1.848,,,
2019-12-23,1577059200,1.851,1.869,1.83,1.864,,,
2019-12-24,1577145600,1.857,1.879,1.83,1.832,,,
2019-12-26,1577318400,1.835,1.852,1.818,1.821,,,
2019-12-27,1577404800,1.82,1.831,1.795,1.802,,,
2019-12-30,1577664000,1.798,1.853,1.795,1.8,,,
2019-12-31,1577750400,1.802,1.841,1.802,1.836,,,
2020-01-02,1577923200,1.836,1.855,1.764,1.798,,,
2020-01-03,1578009600,1.795,1.799,1.707,1.707,,,
2020-01-06,1578268800,1.686,1.733,1.681,1.726,,,
2020-01-07,1578355200,1.724,1.738,1.709,1.731,,,
2020-01-08,1578441600,1.721,1.786,1.623,1.784,,,
2020-01-09,1578528000,1.784,1.81,1.764,1.772,,,
2020-01-10,1578614400,1.769,1.784,1.736,1.743,,,
2020-01-13,1578873600,1.74,1.772,1.74,1.767,,,
2020-01-14,1578960000,1.767,1.781,1.731,1.731,,,
2020-01-15,1579046400,1.733,1.74,1.702,1.709,,,
2020-01-16,1579132800,1.709,1.743,1.702,1.736,,,
2020-01-17,1579219200,1.736,1.76,1.728,1.736,,,
2020-01-21,1579564800,1.736,1.736,1.683,1.688,,,
2020-01-22,1579651200,1.688,1.707,1.681,1.689,,,
2020-01-23,1579737600,1.688,1.688,1.63,1.652,,,
2020-01-24,1579824000,1.649,1.678,1.59,1.605,,,
2020-01-27,1580083200,1.542,1.566,1.518,1.533,,,
2020-01-28,1580169600,1.535,1.578,1.492,1.573,,,
2020-01-29,1580256000,1.578,1.582,1.498,1.502,,,
2020-01-30,1580342400,1.498,1.509,1.45,1.505,,,
2020-01-31,1580428800,1.509,1.514,1.418,1.422,,,
2020-02-03,1580688000,1.439,1.495,1.429,1.45,,,
2020-02-04,1580774400,1.446,1.538,1.441,1.521,,,
2020-02-05,1580860800,1.524,1.578,1.499,1.571,,,
2020-02-06,1580947200,1.566,1.605,1.554,1.566,,,
2020-02-07,1581033600,1.566,1.57,1.5,1.51,,,
2020-02-10,1581292800,1.486,1.522,1.464,1.49,,,
2020-02-11,1581379200,1.481,1.524,1.468,1.524,,,
2020-02-12,1581465600,1.521,1.557,1.519,1.552,,,
2020-02-13,1581552000,1.555,1.555,1.49,1.542,,,
2020-02-14,1581638400,1.542,1.542,1.498,1.51,,,
2020-02-18,1581984000,1.5,1.5,1.464,1.488,,,
2020-02-19,1582070400,1.486,1.511,1.476,1.495,,,
2020-02-20,1582156800,1.495,1.51,1.438,1.445,,,
2020-02-21,1582243200,1.448,1.451,1.379,1.405,,,
2020-02-24,1582502400,1.405,1.405,1.281,1.295,,,
2020-02-25,1582588800,1.292,1.339,1.229,1.277,,,
2020-02-26,1582675200,1.278,1.299,1.226,1.261,,,
2020-02-27,1582761600,1.254,1.254,1.168,1.175,,,
2020-02-28,1582848000,1.186,1.195,1.031,1.065,,,
2020-03-02,1583107200,1.009,1.074,0.939,1.074,,,
2020-03-03,1583193600,1.065,1.076,0.828,0.892,,,
2020-03-04,1583280000,0.889,0.943,0.838,0.942,,,
2020-03-05,1583366400,0.942,0.942,0.802,0.821,,,
2020-03-06,1583452800,0.822,0.826,0.625,0.714,,,
2020-03-09,1583712000,0.721,0.721,0.383,0.59,,,
2020-03-10,1583798400,0.568,0.774,0.568,0.774,,,
2020-03-11,1583884800,0.766,0.846,0.621,0.846,,,
2020-03-12,1583971200,0.839,0.847,0.63,0.749,,,
2020-03-13,1584057600,0.758,0.962,0.715,0.92,,,
2020-03-16,1584316800,0.619,0.764,0.574,0.67,,,
2020-03-17,1584403200,0.679,0.997,0.679,0.981,,,
2020-03-18,1584489600,0.982,1.133,0.884,1.1,,,
2020-03-19,1584576000,1.086,1.18,0.895,1.021,,,
2020-03-20,1584662400,1.037,1.038,0.737,0.737,,,
2020-03-23,1584921600,0.712,0.758,0.593,0.657,,,
2020-03-24,1585008000,0.64,0.778,0.64,0.746,,,
2020-03-25,1585094400,0.755,0.777,0.703,0.754,,,
2020-03-26,1585180800,0.751,0.751,0.652,0.73,,,
2020-03-27,1585267200,0.721,0.742,0.566,0.569,,,
2020-03-30,1585526400,0.557,0.593,0.487,0.592,,,
2020-03-31,1585612800,0.591,0.591,0.519,0.546,,,
2020-04-01,1585699200,0.544,0.544,0.478,0.493,,,
2020-04-02,1585785600,0.51,0.543,0.474,0.517,,,
2020-04-03,1585872000,0.52,0.533,0.483,0.517,,,
2020-04-06,1586131200,0.529,0.588,0.529,0.583,,,
2020-04-07,1586217600,0.585,0.687,0.585,0.619,,,
2020-04-08,1586304000,0.633,0.664,0.602,0.661,,,
2020-04-09,1586390400,0.657,0.67,0.592,0.604,,,
2020-04-13,1586736000,0.602,0.647,0.598,0.647,,,
2020-04-14,1586822400,0.647,0.651,0.592,0.616,,,
2020-04-15,1586908800,0.615,0.615,0.493,0.504,,,
2020-04-16,1586995200,0.505,0.525,0.476,0.515,,,
2020-04-17,1587081600,0.505,0.57,0.476,0.523,,,
2020-04-20,1587340800,0.523,0.529,0.494,0.494,,,
2020-04-21,1587427200,0.501,0.51,0.442,0.478,,,
2020-04-22,1587513600,0.47,0.531,0.46,0.517,,,
2020-04-23,1587600000,0.51,0.532,0.499,0.512,,,
2020-04-24,1587686400,0.512,0.531,0.496,0.521,,,
2020-04-27,1587945600,0.519,0.565,0.519,0.563,,,
2020-04-28,1588032000,0.565,0.571,0.512,0.521,,,
2020-04-29,1588118400,0.524,0.534,0.491,0.53,,,
2020-04-30,1588204800,0.527,0.539,0.484,0.536,,,
2020-05-01,1588291200,0.539,0.539,0.495,0.515,,,
2020-05-04,1588550400,0.514,0.539,0.495,0.53,,,
2020-05-05,1588636800,0.523,0.562,0.523,0.546,,,
2020-05-06,1588723200,0.543,0.601,0.535,0.566,,,
2020-05-07,1588809600,0.569,0.577,0.486,0.499,,,
2020-05-08,1588896000,0.501,0.534,0.468,0.534,,,
2020-05-11,1589155200,0.539,0.564,0.516,0.554,,,
2020-05-12,1589241600,0.549,0.566,0.514,0.516,,,
2020-05-13,1589328000,0.516,0.516,0.486,0.5,,,
2020-05-14,1589414400,0.501,0.501,0.466,0.482,,,
2020-05-15,1589500800,0.475,0.493,0.454,0.492,,,
2020-05-18,1589760000,0.486,0.569,0.479,0.561,,,
2020-05-19,1589846400,0.56,0.571,0.523,0.523,,,
2020-05-20,1589932800,0.525,0.548,0.509,0.523,,,
2020-05-21,1590019200,0.53,0.53,0.503,0.521,,,
2020-05-22,1590105600,0.525,0.525,0.482,0.507,,,
2020-05-26,1590451200,0.508,0.548,0.505,0.532,,,
2020-05-27,1590537600,0.528,0.561,0.5,0.528,,,
2020-05-28,1590624000,0.524,0.546,0.505,0.528,,,
2020-05-29,1590710400,0.53,0.53,0.495,0.502,,,
2020-06-01,1590969600,0.486,0.525,0.486,0.502,,,
2020-06-02,1591056000,0.507,0.525,0.491,0.52,,,
2020-06-03,1591142400,0.523,0.596,0.522,0.58,,,
2020-06-04,1591228800,0.575,0.644,0.569,0.642,,,
2020-06-05,1591315200,0.642,0.739,0.619,0.702,,,
2020-06-08,1591574400,0.714,0.73,0.676,0.691,,,
2020-06-09,1591660800,0.691,0.691,0.628,0.645,,,
2020-06-10,1591747200,0.64,0.65,0.543,0.545,,,
2020-06-11,1591833600,0.55,0.55,0.495,0.516,,,
2020-06-12,1591920000,0.521,0.55,0.514,0.541,,,
2020-06-15,1592179200,0.505,0.555,0.498,0.555,,,
2020-06-16,1592265600,0.55,0.587,0.544,0.567,,,
2020-06-17,1592352000,0.553,0.573,0.545,0.557,,,
2020-06-18,1592438400,0.553,0.553,0.523,0.539,,,
2020-06-19,1592524800,0.538,0.564,0.523,0.53,,,
2020-06-22,1592784000,0.524,0.541,0.511,0.541,,,
2020-06-23,1592870400,0.542,0.557,0.518,0.539,,,
2020-06-24,1592956800,0.541,0.555,0.514,0.516,,,
2020-06-25,1593043200,0.509,0.523,0.498,0.521,,,
2020-06-26,1593129600,0.518,0.533,0.482,0.491,,,
2020-06-29,1593388800,0.482,0.498,0.466,0.468,,,
2020-06-30,1593475200,0.467,0.498,0.461,0.493,,,
2020-07-01,1593561600,0.491,0.53,0.491,0.514,,,
2020-07-02,1593648000,0.51,0.536,0.495,0.498,,,
2020-07-06,1593993600,0.499,0.527,0.499,0.506,,,
2020-07-07,1594080000,0.502,0.514,0.473,0.479,,,
2020-07-08,1594166400,0.481,0.502,0.479,0.5,,,
2020-07-09,1594252800,0.501,0.501,0.452,0.468,,,
2020-07-10,1594339200,0.464,0.495,0.432,0.495,,,
2020-07-13,1594598400,0.479,0.505,0.468,0.468,,,
2020-07-14,1594684800,0.47,0.479,0.452,0.47,,,
2020-07-15,1594771200,0.473,0.495,0.461,0.473,,,
2020-07-16,1594857600,0.473,0.473,0.447,0.461,,,
2020-07-17,1594944000,0.461,0.472,0.447,0.468,,,
2020-07-20,1595203200,0.468,0.47,0.447,0.461,,,
2020-07-21,1595289600,0.461,0.472,0.445,0.45,,,
2020-07-22,1595376000,0.452,0.453,0.436,0.452,,,
2020-07-23,1595462400,0.451,0.452,0.432,0.44,,,
2020-07-24,1595548800,0.438,0.445,0.433,0.443,,,
2020-07-27,1595808000,0.445,0.466,0.428,0.466,,,
2020-07-28,1595894400,0.463,0.479,0.428,0.431,,,
2020-07-29,1595980800,0.431,0.449,0.42,0.429,,,
2020-07-30,1596067200,0.432,0.432,0.398,0.402,,,
2020-07-31,1596153600,0.402,0.414,0.382,0.389,,,
2020-08-03,1596412800,0.386,0.414,0.386,0.402,,,
2020-08-04,1596499200,0.402,0.407,0.357,0.361,,,
2020-08-05,1596585600,0.361,0.4,0.359,0.395,,,
2020-08-06,1596672000,0.395,0.4,0.359,0.389,,,
2020-08-07,1596758400,0.382,0.409,0.37,0.407,,,
2020-08-10,1597017600,0.407,0.42,0.389,0.419,,,
2020-08-11,1597104000,0.419,0.487,0.411,0.469,,,
2020-08-12,1597190400,0.459,0.51,0.459,0.503,,,
2020-08-13,1597276800,0.498,0.526,0.47,0.526,,,
2020-08-14,1597363200,0.523,0.528,0.494,0.503,,,
2020-08-17,1597622400,0.503,0.503,0.467,0.487,,,
2020-08-18,1597708800,0.486,0.486,0.462,0.473,,,
2020-08-19,1597795200,0.471,0.485,0.457,0.48,,,
2020-08-20,1597881600,0.486,0.486,0.446,0.46,,,
2020-08-21,1597968000,0.46,0.467,0.439,0.444,,,
2020-08-24,1598227200,0.446,0.467,0.44,0.464,,,
2020-08-25,1598313600,0.464,0.515,0.464,0.486,,,
2020-08-26,1598400000,0.49,0.513,0.485,0.485,,,
2020-08-27,1598486400,0.485,0.534,0.453,0.531,,,
2020-08-28,1598572800,0.534,0.559,0.492,0.5,,,
2020-08-31,1598832000,0.498,0.517,0.482,0.491,,,
2020-09-01,1598918400,0.493,0.509,0.464,0.464,,,
2020-09-02,1599004800,0.461,0.479,0.447,0.45,,,
2020-09-03,1599091200,0.448,0.464,0.42,0.439,,,
2020-09-04,1599177600,0.436,0.509,0.434,0.505,,,
2020-09-08,1599523200,0.498,0.5,0.461,0.468,,,
2020-09-09,1599609600,0.468,0.486,0.452,0.479,,,
2020-09-10,1599696000,0.479,0.491,0.464,0.468,,,
2020-09-11,1599782400,0.468,0.477,0.445,0.448,,,
2020-09-14,1600041600,0.45,0.457,0.444,0.457,,,
2020-09-15,1600128000,0.457,0.466,0.452,0.461,,,
2020-09-16,1600214400,0.461,0.475,0.443,0.475,,,
2020-09-17,1600300800,0.477,0.477,0.434,0.47,,,
2020-09-18,1600387200,0.47,0.477,0.454,0.477,,,
2020-09-21,1600646400,0.482,0.482,0.437,0.457,,,
2020-09-22,1600732800,0.457,0.463,0.447,0.457,,,
2020-09-23,1600819200,0.455,0.472,0.446,0.461,,,
2020-09-24,1600905600,0.465,0.465,0.452,0.454,,,
2020-09-25,1600992000,0.456,0.47,0.45,0.45,,,
2020-09-28,1601251200,0.455,0.467,0.45,0.45,,,
2020-09-29,1601337600,0.452,0.455,0.437,0.448,,,
2020-10-01,1601510400,0.472,0.498,0.457,0.468,,,
2020-10-02,1601596800,0.468,0.487,0.448,0.487,,,
2020-10-05,1601856000,0.488,0.555,0.48,0.555,,,
2020-10-06,1601942400,0.55,0.553,0.513,0.516,,,
2020-10-07,1602028800,0.512,0.567,0.512,0.56,,,
2020-10-08,1602115200,0.556,0.558,0.535,0.553,,,
2020-10-09,1602201600,0.544,0.558,0.533,0.551,,,
2020-10-13,1602547200,0.531,0.54,0.503,0.508,,,
2020-10-14,1602633600,0.508,0.512,0.496,0.508,,,
2020-10-15,1602720000,0.508,0.519,0.484,0.518,,,
2020-10-16,1602806400,0.522,0.531,0.508,0.529,,,
2020-10-19,1603065600,0.54,0.558,0.536,0.549,,,
2020-10-20,1603152000,0.549,0.566,0.545,0.556,,,
2020-10-21,1603238400,0.556,0.596,0.556,0.589,,,
2020-10-22,1603324800,0.587,0.624,0.576,0.617,,,
2020-10-23,1603411200,0.622,0.624,0.594,0.61,,,
2020-10-26,1603670400,0.594,0.594,0.569,0.574,,,
2020-10-27,1603756800,0.573,0.578,0.545,0.547,,,
2020-10-28,1603843200,0.548,0.555,0.525,0.552,,,
2020-10-29,1603929600,0.554,0.606,0.548,0.597,,,
2020-10-30,1604016000,0.601,0.646,0.589,0.646,,,
2020-11-02,1604275200,0.63,0.64,0.61,0.626,,,
2020-11-03,1604361600,0.63,0.665,0.63,0.665,,,
2020-11-04,1604448000,0.658,0.697,0.546,0.552,,,
2020-11-05,1604534400,0.557,0.569,0.514,0.55,,,
2020-11-06,1604620800,0.55,0.55,0.548,0.55,,,
2020-11-09,1604880000,0.603,0.716,0.573,0.685,,,
2020-11-10,1604966400,0.684,0.721,0.67,0.719,,,
2020-11-11,1605052800,0.717,0.717,0.717,0.717,,,
2020-11-12,1605139200,0.7,0.7,0.635,0.639,,,
2020-11-13,1605225600,0.638,0.654,0.624,0.654,,,
2020-11-16,1605484800,0.656,0.675,0.633,0.661,,,
2020-11-17,1605571200,0.661,0.667,0.622,0.622,,,
2020-11-18,1605657600,0.623,0.652,0.606,0.636,,,
2020-11-19,1605744000,0.636,0.636,0.615,0.617,,,
2020-11-20,1605830400,0.615,0.62,0.599,0.606,,,
2020-11-23,1606089600,0.606,0.636,0.606,0.629,,,
2020-11-24,1606176000,0.631,0.651,0.628,0.648,,,
2020-11-25,1606262400,0.648,0.664,0.63,0.65,,,
2020-11-27,1606435200,0.648,0.648,0.611,0.614,,,
2020-11-30,1606694400,0.618,0.627,0.609,0.616,,,
2020-12-01,1606780800,0.617,0.694,0.611,0.687,,,
2020-12-02,1606867200,0.68,0.712,0.673,0.687,,,
2020-12-03,1606953600,0.689,0.693,0.662,0.662,,,
2020-12-04,1607040000,0.662,0.718,0.659,0.701,,,
2020-12-07,1607299200,0.696,0.701,0.662,0.662,,,
2020-12-08,1607385600,0.663,0.674,0.643,0.659,,,
2020-12-09,1607472000,0.662,0.684,0.662,0.675,,,
2020-12-10,1607558400,0.674,0.674,0.643,0.649,,,
2020-12-11,1607644800,0.648,0.65,0.612,0.63,,,
2020-12-14,1607904000,0.639,0.653,0.62,0.626,,,
2020-12-15,1607990400,0.625,0.65,0.62,0.636,,,
2020-12-16,1608076800,0.639,0.671,0.632,0.641,,,
2020-12-17,1608163200,0.643,0.662,0.622,0.655,,,
2020-12-18,1608249600,0.656,0.664,0.639,0.664,,,
2020-12-21,1608508800,0.653,0.665,0.611,0.657,,,
2020-12-22,1608595200,0.655,0.66,0.635,0.638,,,
2020-12-23,1608681600,0.64,0.673,0.627,0.657,,,
2020-12-24,1608768000,0.657,0.667,0.646,0.647,,,
2020-12-28,1609113600,0.656,0.671,0.639,0.641,,,
2020-12-29,1609200000,0.639,0.66,0.639,0.648,,,
2020-12-30,1609286400,0.648,0.678,0.648,0.655,,,
2020-12-31,1609372800,0.656,0.662,0.643,0.648,,,
2021-01-04,1609718400,0.657,0.671,0.634,0.634,,,
2021-01-05,1609804800,0.636,0.673,0.636,0.67,,,
2021-01-06,1609891200,0.667,0.75,0.662,0.735,,,
2021-01-07,1609977600,0.737,0.779,0.731,0.778,,,
2021-01-08,1610064000,0.777,0.818,0.774,0.812,,,
2021-01-11,1610323200,0.812,0.845,0.796,0.845,,,
2021-01-12,1610409600,0.841,0.875,0.83,0.833,,,
2021-01-13,1610496000,0.83,0.836,0.787,0.787,,,
2021-01-14,1610582400,0.794,0.822,0.782,0.819,,,
2021-01-15,1610668800,0.815,0.815,0.772,0.773,,,
2021-01-19,1611014400,0.782,0.803,0.77,0.771,,,
2021-01-20,1611100800,0.773,0.787,0.762,0.764,,,
2021-01-21,1611187200,0.762,0.794,0.762,0.78,,,
2021-01-22,1611273600,0.78,0.787,0.762,0.765,,,
2021-01-25,1611532800,0.771,0.775,0.718,0.72,,,
2021-01-26,1611619200,0.719,0.736,0.718,0.725,,,
2021-01-27,1611705600,0.722,0.735,0.697,0.711,,,
2021-01-28,1611792000,0.706,0.75,0.703,0.736,,,
2021-01-29,1611878400,0.74,0.788,0.74,0.759,,,
2021-02-01,1612137600,0.759,0.773,0.75,0.766,,,
2021-02-02,1612224000,0.764,0.795,0.757,0.784,,,
2021-02-03,1612310400,0.78,0.815,0.78,0.813,,,
2021-02-04,1612396800,0.815,0.826,0.803,0.808,,,
2021-02-05,1612483200,0.803,0.836,0.796,0.82,,,
2021-02-08,1612742400,0.831,0.847,0.814,0.833,,,
2021-02-09,1612828800,0.837,0.837,0.81,0.823,,,
2021-02-10,1612915200,0.824,0.837,0.791,0.791,,,
2021-02-11,1613001600,0.794,0.812,0.785,0.812,,,
2021-02-12,1613088000,0.81,0.85,0.799,0.85,,,
2021-02-16,1613433600,0.887,0.95,0.864,0.95,,,
2021-02-17,1613520000,0.946,0.962,0.917,0.917,,,
2021-02-18,1613606400,0.927,0.953,0.908,0.936,,,
2021-02-19,1613692800,0.937,0.989,0.927,0.974,,,
2021-02-22,1613952000,0.998,1.026,0.969,0.998,,,
2021-02-23,1614038400,0.998,1.005,0.97,0.97,,,
2021-02-24,1614124800,0.971,1.045,0.958,1.005,,,
2021-02-25,1614211200,1.003,1.229,1.003,1.201,,,
2021-02-26,1614297600,1.203,1.242,1.113,1.129,,,
2021-03-01,1614556800,1.123,1.14,1.088,1.096,,,
2021-03-02,1614643200,1.102,1.121,1.062,1.063,,,
2021-03-03,1614729600,1.063,1.16,1.063,1.153,,,
2021-03-04,1614816000,1.153,1.232,1.125,1.232,,,
2021-03-05,1614902400,1.219,1.28,1.206,1.238,,,
2021-03-08,1615161600,1.263,1.292,1.247,1.282,,,
2021-03-09,1615248000,1.289,1.289,1.219,1.219,,,
2021-03-10,1615334400,1.219,1.247,1.191,1.202,,,
2021-03-11,1615420800,1.202,1.219,1.155,1.209,,,
2021-03-12,1615507200,1.205,1.297,1.204,1.287,,,
2021-03-15,1615766400,1.297,1.3,1.266,1.276,,,
2021-03-16,1615852800,1.273,1.285,1.25,1.278,,,
2021-03-17,1615939200,1.28,1.333,1.252,1.278,,,
2021-03-18,1616025600,1.28,1.388,1.262,1.347,,,
2021-03-19,1616112000,1.347,1.388,1.319,1.37,,,
2021-03-22,1616371200,1.355,1.355,1.309,1.341,,,
2021-03-23,1616457600,1.343,1.347,1.272,1.276,,,
2021-03-24,1616544000,1.274,1.298,1.245,1.264,,,
2021-03-25,1616630400,1.269,1.288,1.245,1.283,,,
2021-03-26,1616716800,1.281,1.339,1.281,1.339,,,
2021-03-29,1616976000,1.33,1.377,1.302,1.371,,,
2021-03-30,1617062400,1.367,1.435,1.365,1.375,,,
2021-03-31,1617148800,1.377,1.424,1.377,1.422,,,
2021-04-01,1617235200,1.419,1.429,1.355,1.363,,,
2021-04-02,1617321600,1.363,1.434,1.361,1.415,,,
2021-04-05,1617580800,1.403,1.439,1.384,1.384,,,
2021-04-06,1617667200,1.39,1.401,1.33,1.335,,,
2021-04-07,1617753600,1.332,1.344,1.303,1.337,,,
2021-04-08,1617840000,1.339,1.339,1.288,1.289,,,
2021-04-09,1617926400,1.291,1.36,1.288,1.325,,,
2021-04-12,1618185600,1.339,1.351,1.312,1.335,,,
2021-04-13,1618272000,1.337,1.37,1.285,1.288,,,
2021-04-14,1618358400,1.285,1.322,1.281,1.306,,,
2021-04-15,1618444800,1.306,1.316,1.217,1.252,,,
2021-04-16,1618531200,1.25,1.274,1.236,1.264,,,
2021-04-19,1618790400,1.255,1.294,1.237,1.277,,,
2021-04-20,1618876800,1.279,1.3,1.229,1.234,,,
2021-04-21,1618963200,1.238,1.255,1.224,1.236,,,
2021-04-22,1619049600,1.236,1.266,1.212,1.224,,,
2021-04-23,1619136000,1.226,1.263,1.217,1.25,,,
2021-04-26,1619395200,1.252,1.283,1.248,1.262,,,
2021-04-27,1619481600,1.262,1.309,1.262,1.304,,,
2021-04-28,1619568000,1.325,1.346,1.302,1.302,,,
2021-04-29,1619654400,1.302,1.37,1.302,1.325,,,
2021-04-30,1619740800,1.327,1.344,1.309,1.313,,,
2021-05-03,1620000000,1.311,1.337,1.27,1.283,,,
2021-05-04,1620086400,1.28,1.304,1.241,1.27,,,
2021-05-05,1620172800,1.273,1.295,1.264,1.273,,,
2021-05-11,1620691200,1.265,1.281,1.256,1.274,,,
2021-05-12,1620777600,1.274,1.344,1.264,1.341,,,
2021-05-13,1620864000,1.342,1.349,1.299,1.305,,,
2021-05-14,1620950400,1.304,1.31,1.274,1.281,,,
2021-05-17,1621209600,1.283,1.302,1.259,1.302,,,
2021-05-18,1621296000,1.302,1.302,1.283,1.284,,,
2021-05-19,1621382400,1.284,1.345,1.269,1.326,,,
2021-05-20,1621468800,1.327,1.328,1.276,1.276,,,
2021-05-21,1621555200,1.278,1.288,1.264,1.281,,,
2021-05-24,1621814400,1.278,1.283,1.258,1.263,,,
2021-05-25,1621900800,1.262,1.268,1.215,1.222,,,
2021-05-26,1621987200,1.222,1.238,1.215,1.236,,,
2021-05-27,1622073600,1.236,1.274,1.229,1.259,,,
2021-05-28,1622160000,1.257,1.292,1.245,1.248,,,
2021-06-01,1622505600,1.273,1.295,1.269,1.271,,,
2021-06-02,1622592000,1.269,1.28,1.252,1.257,,,
2021-06-03,1622678400,1.257,1.299,1.255,1.297,,,
2021-06-04,1622764800,1.295,1.305,1.227,1.228,,,
2021-06-07,1623024000,1.234,1.25,1.234,1.241,,,
2021-06-08,1623110400,1.238,1.241,1.193,1.208,,,
2021-06-09,1623196800,1.21,1.21,1.148,1.17,,,
2021-06-10,1623283200,1.168,1.205,1.122,1.122,,,
2021-06-11,1623369600,1.124,1.16,1.114,1.147,,,
2021-06-14,1623628800,1.149,1.198,1.149,1.194,,,
2021-06-15,1623715200,1.196,1.201,1.18,1.191,,,
2021-06-16,1623801600,1.187,1.301,1.182,1.297,,,
2021-06-17,1623888000,1.3,1.317,1.241,1.255,,,
2021-06-18,1623974400,1.255,1.288,1.21,1.212,,,
2021-06-21,1624233600,1.215,1.251,1.154,1.241,,,
2021-06-22,1624320000,1.243,1.256,1.2099,1.217,,,
2021-06-23,1624406400,1.217,1.2452,1.2076,1.2429,,,
2021-06-24,1624492800,1.2405,1.2547,1.2311,1.2523,,,
2021-06-25,1624579200,1.25,1.3039,1.25,1.2828,,,
2021-06-28,1624838400,1.2828,1.2898,1.2383,1.2477,,,
2021-06-29,1624924800,1.25,1.2687,1.2407,1.243,,,
2021-06-30,1625011200,1.243,1.2512,1.2103,1.2406,,,
2021-07-01,1625097600,1.2383,1.2535,1.2219,1.2313,,,
2021-07-02,1625184000,1.2313,1.243,1.1915,1.1939,,,
2021-07-06,1625529600,1.1985,1.2079,1.1147,1.117,,,
2021-07-07,1625616000,1.117,1.1332,1.0822,1.0914,,,
2021-07-08,1625702400,1.0961,1.0972,1.0335,1.0613,,,
2021-07-09,1625788800,1.0613,1.1168,1.0613,1.1168,,,
2021-07-12,1626048000,1.1121,1.1307,1.0888,1.1167,,,
2021-07-13,1626134400,1.1156,1.1656,1.1027,1.1656,,,
2021-07-14,1626220800,1.1656,1.1691,1.1026,1.1026,,,
2021-07-15,1626307200,1.1026,1.1084,1.0654,1.0724,,,
2021-07-16,1626393600,1.0724,1.1071,1.0675,1.0722,,,
2021-07-19,1626652800,1.0722,1.0722,0.9563,0.9783,,,
2021-07-20,1626739200,0.9817,0.9933,0.9148,0.9816,,,
2021-07-21,1626825600,0.9793,1.0487,0.9515,1.0441,,,
2021-07-22,1626912000,1.0464,1.0591,0.9953,1.0347,,,
2021-07-23,1626998400,1.0301,1.0554,1.0228,1.0286,,,
2021-07-26,1627257600,1.0298,1.0414,0.9822,1.039,,,
2021-07-27,1627344000,1.0414,1.0414,0.9867,1.0041,,,
2021-07-28,1627430400,0.9994,1.0249,0.9854,0.9947,,,
2021-07-29,1627516800,0.997,1.0365,0.9936,1.0271,,,
2021-07-30,1627603200,1.0225,1.0395,1.0,1.0,,,
2021-08-02,1627862400,1.0093,1.0116,0.9329,0.9537,,,
2021-08-03,1627948800,0.9537,0.971,0.9294,0.9467,,,
2021-08-04,1628035200,0.9444,0.9884,0.9167,0.9699,,,
2021-08-05,1628121600,0.9652,1.0186,0.9606,1.0163,,,
2021-08-06,1628208000,1.0163,1.0793,1.0163,1.0746,,,
2021-08-09,1628467200,1.0793,1.1074,1.0489,1.1027,,,
2021-08-10,1628553600,1.1027,1.1332,1.0886,1.1285,,,
2021-08-11,1628640000,1.1309,1.1544,1.0911,1.1145,,,
2021-08-12,1628726400,1.1145,1.138,1.1016,1.1286,,,
2021-08-13,1628812800,1.131,1.1333,1.0607,1.0607,,,
2021-08-16,1629072000,1.0631,1.0631,1.007,1.0467,,,
2021-08-17,1629158400,1.0467,1.049,1.0035,1.0479,,,
2021-08-18,1629244800,1.0467,1.0795,1.0374,1.0432,,,
2021-08-19,1629331200,1.0444,1.0479,1.0093,1.0362,,,
2021-08-20,1629417600,1.0362,1.0609,1.021,1.055,,,
2021-08-23,1629676800,1.0562,1.0773,1.0421,1.0456,,,
2021-08-24,1629763200,1.0445,1.0821,1.0445,1.0821,,,
2021-08-25,1629849600,1.0809,1.1269,1.068,1.1257,,,
2021-08-26,1629936000,1.1198,1.1447,1.1104,1.1317,,,
2021-08-27,1630022400,1.1352,1.1506,1.0924,1.0971,,,
2021-08-30,1630281600,1.0983,1.1006,1.0646,1.0669,,,
2021-08-31,1630368000,1.0646,1.0901,1.0542,1.0855,,,
2021-09-01,1630454400,1.0878,1.1087,1.0646,1.0762,,,
2021-09-02,1630540800,1.075,1.0831,1.0645,1.068,,,
2021-09-03,1630627200,1.068,1.1355,1.068,1.0959,,,
2021-09-07,1630972800,1.1063,1.146,1.104,1.1413,,,
2021-09-08,1631059200,1.1413,1.1437,1.1063,1.1157,,,
2021-09-09,1631145600,1.111,1.1215,1.069,1.083,,,
2021-09-10,1631232000,1.0807,1.1273,1.0807,1.1215,,,
2021-09-13,1631491200,1.1203,1.125,1.0969,1.1086,,,
2021-09-14,1631577600,1.1063,1.1285,1.0573,1.0759,,,
2021-09-15,1631664000,1.0782,1.1063,1.0631,1.0946,,,
2021-09-16,1631750400,1.0946,1.1461,1.0887,1.1367,,,
2021-09-17,1631836800,1.1344,1.1814,1.1297,1.1626,,,
2021-09-20,1632096000,1.1626,1.1673,1.1004,1.1179,,,
2021-09-21,1632182400,1.1156,1.1449,1.1039,1.125,,,
2021-09-22,1632268800,1.1273,1.1473,1.1062,1.125,,,
2021-09-23,1632355200,1.125,1.2417,1.1226,1.2394,,,
2021-09-24,1632441600,1.2429,1.2668,1.2134,1.2549,,,
2021-09-27,1632700800,1.262,1.3025,1.2466,1.299,,,
2021-09-28,1632787200,1.3002,1.3528,1.2859,1.336,,,
2021-09-29,1632873600,1.3408,1.3615,1.3062,1.325,,,
2021-09-30,1632960000,1.3203,1.358,1.2922,1.2922,,,
2021-10-01,1633046400,1.2886,1.3063,1.257,1.257,,,
2021-10-04,1633305600,1.2547,1.2969,1.2488,1.2734,,,
2021-10-05,1633392000,1.2734,1.3205,1.2687,1.3134,,,
2021-10-06,1633478400,1.311,1.3488,1.3017,1.3134,,,
2021-10-07,1633564800,1.3181,1.3618,1.3087,1.3607,,,
2021-10-08,1633651200,1.363,1.3988,1.336,1.3988,,,
2021-10-12,1633996800,1.4201,1.4225,1.3786,1.3869,,,
2021-10-13,1634083200,1.3822,1.4155,1.3514,1.3656,,,
2021-10-14,1634169600,1.368,1.3799,1.3325,1.342,,,
2021-10-15,1634256000,1.3408,1.4157,1.3408,1.411,,,
2021-10-18,1634515200,1.4348,1.4731,1.4205,1.4564,,,
2021-10-19,1634601600,1.4444,1.4756,1.4159,1.4708,,,
2021-10-20,1634688000,1.4732,1.502,1.4494,1.4781,,,
2021-10-21,1634774400,1.4793,1.5382,1.4662,1.5382,,,
2021-10-22,1634860800,1.531,1.5338,1.476,1.476,,,
2021-10-25,1635120000,1.4856,1.5025,1.4545,1.4641,,,
2021-10-26,1635206400,1.4617,1.4882,1.4546,1.4546,,,
2021-10-27,1635292800,1.4546,1.481,1.3841,1.4092,,,
2021-10-28,1635379200,1.4116,1.4584,1.4044,1.45,,,
2021-10-29,1635465600,1.4548,1.5025,1.435,1.4575,,,
2021-11-01,1635724800,1.4788,1.4907,1.441,1.4457,,,
2021-11-02,1635811200,1.4457,1.4587,1.4044,1.4138,,,
2021-11-03,1635897600,1.4209,1.4647,1.3962,1.4647,,,
2021-11-04,1635984000,1.4599,1.4671,1.3703,1.3844,,,
2021-11-05,1636070400,1.3844,1.4033,1.3021,1.3186,,,
2021-11-08,1636329600,1.3209,1.3821,1.3209,1.3738,,,
2021-11-09,1636416000,1.3762,1.3762,1.3044,1.3232,,,
2021-11-10,1636502400,1.322,1.4673,1.322,1.4483,,,
2021-11-11,1636588800,1.4602,1.4602,1.4602,1.4602,,,
2021-11-12,1636675200,1.4959,1.4959,1.4413,1.4555,,,
2021-11-15,1636934400,1.4627,1.5103,1.4365,1.5032,,,
2021-11-16,1637020800,1.502,1.5271,1.4793,1.5223,,,
2021-11-17,1637107200,1.5271,1.5331,1.4723,1.4794,,,
2021-11-18,1637193600,1.4735,1.4974,1.4628,1.4723,,,
2021-11-19,1637280000,1.4699,1.4915,1.3987,1.4557,,,
2021-11-22,1637539200,1.4676,1.5586,1.4581,1.5538,,,
2021-11-23,1637625600,1.5586,1.5984,1.5419,1.5815,,,
2021-11-24,1637712000,1.5851,1.609,1.5437,1.5757,,,
2021-11-25,1637798400,1.5781,1.5781,1.5781,1.5781,,,
2021-11-26,1637884800,1.5354,1.5378,1.3954,1.4001,,,
2021-11-29,1638144000,1.4694,1.4752,1.3977,1.4012,,,
2021-11-30,1638230400,1.4036,1.4247,1.3113,1.379,,,
2021-12-01,1638316800,1.3766,1.4364,1.3299,1.3333,,,
2021-12-02,1638403200,1.3287,1.4058,1.3287,1.3847,,,
2021-12-03,1638489600,1.3871,1.4539,1.2888,1.3004,,,
2021-12-06,1638748800,1.3354,1.3869,1.3261,1.3775,,,
2021-12-07,1638835200,1.3822,1.4315,1.3728,1.4292,,,
2021-12-08,1638921600,1.4303,1.4716,1.3774,1.461,,,
2021-12-09,1639008000,1.4551,1.4692,1.4079,1.4385,,,
2021-12-10,1639094400,1.4338,1.4609,1.3866,1.4184,,,
2021-12-13,1639353600,1.4172,1.4385,1.3572,1.3654,,,
2021-12-14,1639440000,1.3596,1.4113,1.3596,1.396,,,
2021-12-15,1639526400,1.3912,1.4289,1.3771,1.403,,,
2021-12-16,1639612800,1.4006,1.4219,1.3394,1.3394,,,
2021-12-17,1639699200,1.3347,1.3594,1.3134,1.3381,,,
2021-12-20,1639958400,1.297,1.3451,1.2852,1.3427,,,
2021-12-21,1640044800,1.3439,1.411,1.3285,1.3862,,,
2021-12-22,1640131200,1.3898,1.4098,1.3697,1.385,,,
2021-12-23,1640217600,1.3815,1.4216,1.3815,1.4145,,,
2021-12-27,1640563200,1.4144,1.4286,1.4025,1.4096,,,
2021-12-28,1640649600,1.4096,1.4167,1.3906,1.4084,,,
2021-12-29,1640736000,1.4072,1.4701,1.3953,1.4642,,,
2021-12-30,1640822400,1.4666,1.4666,1.4291,1.4362,,,
2021-12-31,1640908800,1.4327,1.4457,1.4221,1.4363,,,
2022-01-03,1641168000,1.4363,1.5609,1.4363,1.5538,,,
2022-01-04,1641254400,1.5502,1.5932,1.5383,1.5646,,,
2022-01-05,1641340800,1.5634,1.6316,1.5575,1.6316,,,
2022-01-06,1641427200,1.6244,1.6798,1.6125,1.6606,,,
2022-01-07,1641513600,1.6642,1.7248,1.6473,1.6946,,,
2022-01-10,1641772800,1.6995,1.7455,1.6947,1.702,,,
2022-01-11,1641859200,1.6972,1.7299,1.6804,1.6804,,,
2022-01-12,1641945600,1.69,1.6986,1.6516,1.6902,,,
2022-01-13,1642032000,1.6938,1.7022,1.6348,1.6444,,,
2022-01-14,1642118400,1.6396,1.7344,1.6396,1.7331,,,
2022-01-18,1642464000,1.7611,1.832,1.7562,1.832,,,
2022-01-19,1642550400,1.832,1.8554,1.776,1.8175,,,
2022-01-20,1642636800,1.8199,1.8199,1.7542,1.7542,,,
2022-01-21,1642723200,1.7554,1.7554,1.689,1.7157,,,
2022-01-24,1642982400,1.7254,1.7413,1.6601,1.7195,,,
2022-01-25,1643068800,1.7219,1.7379,1.6844,1.7208,,,
2022-01-26,1643155200,1.7233,1.8383,1.7173,1.8321,,,
2022-01-27,1643241600,1.8358,1.8358,1.7577,1.7723,,,
2022-01-28,1643328000,1.7748,1.7834,1.7405,1.7405,,,
2022-01-31,1643587200,1.7571,1.7822,1.7369,1.7405,,,
2022-02-01,1643673600,1.7452,1.7738,1.6989,1.7548,,,
2022-02-02,1643760000,1.7583,1.7727,1.7107,1.7405,,,
2022-02-03,1643846400,1.7345,1.8073,1.7166,1.8002,,,
2022-02-04,1643932800,1.8025,1.906,1.7834,1.8892,,,
2022-02-07,1644192000,1.8988,1.9085,1.8747,1.8892,,,
2022-02-08,1644278400,1.8916,1.94,1.8916,1.94,,,
2022-02-09,1644364800,1.9388,1.9388,1.8893,1.9207,,,
2022-02-10,1644451200,1.9232,2.057,1.9026,2.0399,,,
2022-02-11,1644537600,2.035,2.05,1.9137,1.9428,,,
2022-02-14,1644796800,1.9367,2.0232,1.9017,1.9952,,,
2022-02-15,1644883200,1.9891,2.0441,1.9708,2.0356,,,
2022-02-16,1644969600,2.0307,2.0369,1.9966,2.021,,,
2022-02-17,1645056000,2.0234,2.0234,1.9358,1.9419,,,
2022-02-18,1645142400,1.9431,1.9677,1.9045,1.9178,,,
2022-02-22,1645488000,1.8487,1.9471,1.8367,1.9373,,,
2022-02-23,1645574400,1.941,1.9899,1.941,1.9825,,,
2022-02-24,1645660800,1.9899,1.9899,1.8343,1.9533,,,
2022-02-25,1645747200,1.957,2.0012,1.9229,1.9566,,,
2022-02-28,1646006400,1.8846,1.9037,1.8034,1.8034,,,
2022-03-01,1646092800,1.8093,1.8487,1.64,1.6883,,,
2022-03-02,1646179200,1.6683,1.8702,1.6446,1.8463,,,
2022-03-03,1646265600,1.8451,1.8582,1.7985,1.8069,,,
2022-03-04,1646352000,1.8081,1.8272,1.6679,1.6998,,,
2022-03-07,1646611200,1.6537,1.7722,1.6266,1.7591,,,
2022-03-08,1646697600,1.7567,1.8654,1.746,1.8366,,,
2022-03-09,1646784000,1.8282,1.9363,1.8247,1.9327,,,
2022-03-10,1646870400,1.9363,2.0077,1.899,1.9859,,,
2022-03-11,1646956800,1.9883,2.0176,1.9569,2.003,,,
2022-03-14,1647216000,2.0467,2.1593,2.0443,2.1519,,,
2022-03-15,1647302400,2.1544,2.1814,2.0871,2.1618,,,
2022-03-16,1647388800,2.1618,2.273,2.1483,2.2235,,,
2022-03-17,1647475200,2.226,2.231,2.1473,2.1953,,,
2022-03-18,1647561600,2.1879,2.2067,2.1574,2.1808,,,
2022-03-21,1647820800,2.1796,2.3608,2.1748,2.3446,,,
2022-03-22,1647907200,2.3458,2.4311,2.3384,2.4311,,,
2022-03-23,1647993600,2.4261,2.4613,2.3437,2.3462,,,
2022-03-24,1648080000,2.3412,2.4441,2.3412,2.4265,,,
2022-03-25,1648166400,2.4215,2.5788,2.3995,2.5597,,,
2022-03-28,1648425600,2.5585,2.653,2.5055,2.5536,,,
2022-03-29,1648512000,2.5536,2.6405,2.4729,2.4868,,,
2022-03-30,1648598400,2.488,2.5121,2.4177,2.4324,,,
2022-03-31,1648684800,2.4336,2.4422,2.3799,2.4336,,,
2022-04-01,1648771200,2.4385,2.5431,2.4385,2.5024,,,
2022-04-04,1649030400,2.5295,2.5395,2.4778,2.5049,,,
2022-04-05,1649116800,2.4975,2.6785,2.4877,2.6636,,,
2022-04-06,1649203200,2.6673,2.7663,2.6673,2.6786,,,
2022-04-07,1649289600,2.6861,2.7363,2.6351,2.7325,,,
2022-04-08,1649376000,2.7363,2.7996,2.7012,2.7807,,,
2022-04-11,1649635200,2.7945,2.8564,2.7869,2.8401,,,
2022-04-12,1649721600,2.83,2.8884,2.7068,2.7558,,,
2022-04-13,1649808000,2.747,2.8025,2.6519,2.7169,,,
2022-04-14,1649894400,2.7119,2.8436,2.6485,2.8411,,,
2022-04-18,1650240000,2.8563,2.8946,2.8184,2.859,,,
2022-04-19,1650326400,2.8577,2.9637,2.8363,2.9624,,,
2022-04-20,1650412800,2.9611,2.997,2.8695,2.8797,,,
2022-04-21,1650499200,2.8797,3.0077,2.8797,2.9808,,,
2022-04-22,1650585600,2.968,3.0386,2.934,2.9519,,,
2022-04-25,1650844800,2.9519,2.9571,2.7942,2.8691,,,
2022-04-26,1650931200,2.8653,2.914,2.7614,2.7614,,,
2022-04-27,1651017600,2.7513,2.8695,2.7437,2.8605,,,
2022-04-28,1651104000,2.8529,2.922,2.82,2.8658,,,
2022-04-29,1651190400,2.8722,2.9846,2.8651,2.9796,,,
2022-05-02,1651449600,2.9746,3.0524,2.9571,3.0373,,,
2022-05-03,1651536000,3.0298,3.0625,2.9709,3.0449,,,
2022-05-04,1651622400,3.0449,3.0676,2.941,2.9684,,,
2022-05-05,1651708800,2.9747,3.1194,2.9647,3.0664,,,
2022-05-06,1651795200,3.0614,3.1564,3.0614,3.1564,,,
2022-05-09,1652054400,3.1539,3.2023,3.0301,3.0351,,,
2022-05-10,1652140800,3.0401,3.0654,2.9448,2.9987,,,
2022-05-11,1652227200,2.9899,3.0895,2.9223,2.9498,,,
2022-05-12,1652313600,2.9498,2.9498,2.8351,2.8799,,,
2022-05-13,1652400000,2.8849,2.9574,2.8824,2.9324,,,
2022-05-16,1652659200,2.9549,2.9649,2.8624,2.8898,,,
2022-05-17,1652745600,2.8936,3.0178,2.8798,3.0153,,,
2022-05-18,1652832000,3.0153,3.0305,2.9098,2.9186,,,
2022-05-19,1652918400,2.9199,2.9462,2.8001,2.8698,,,
2022-05-20,1653004800,2.8698,2.8998,2.8087,2.8187,,,
2022-05-23,1653264000,2.8424,2.9061,2.8349,2.8923,,,
2022-05-24,1653350400,2.8986,2.8986,2.7527,2.78,,,
2022-05-25,1653436800,2.7813,2.7999,2.7403,2.7651,,,
2022-05-26,1653523200,2.7639,2.8036,2.7204,2.7588,,,
2022-05-27,1653609600,2.7502,2.7784,2.7315,2.7698,,,
2022-05-31,1653955200,2.8491,2.894,2.8293,2.874,,,
2022-06-01,1654041600,2.874,2.9867,2.8654,2.9541,,,
2022-06-02,1654128000,2.9541,2.973,2.9354,2.9479,,,
2022-06-03,1654214400,2.9491,3.0135,2.9441,2.9744,,,
2022-06-06,1654473600,2.9795,3.0831,2.9707,3.0831,,,
2022-06-07,1654560000,3.0768,3.0972,2.9973,3.0187,,,
2022-06-08,1654646400,3.0199,3.0782,3.0199,3.0643,,,
2022-06-09,1654732800,3.0656,3.1088,3.0454,3.0885,,,
2022-06-10,1654819200,3.091,3.2486,3.0685,3.2473,,,
2022-06-13,1655078400,3.273,3.5358,3.2524,3.4599,,,
2022-06-14,1655164800,3.4586,3.6018,3.3586,3.5781,,,
2022-06-15,1655251200,3.5834,3.5886,3.3744,3.3783,,,
2022-06-16,1655337600,3.3744,3.5945,3.2686,3.2866,,,
2022-06-17,1655424000,3.2814,3.4067,3.2814,3.3339,,,
2022-06-21,1655769600,3.3781,3.4015,3.3575,3.3757,,,
2022-06-22,1655856000,3.3718,3.3757,3.2155,3.2438,,,
2022-06-23,1655942400,3.2438,3.2569,3.0722,3.1617,,,
2022-06-24,1656028800,3.1566,3.2033,3.1058,3.2033,,,
2022-06-27,1656288000,3.2033,3.2912,3.1865,3.2731,,,
2022-06-28,1656374400,3.2705,3.3304,3.2384,3.25,,,
2022-06-29,1656460800,3.2526,3.473,3.1598,3.1648,,,
2022-06-30,1656547200,3.1598,3.1785,3.0304,3.0726,,,
2022-07-01,1656633600,3.0726,3.08,2.827,2.9301,,,
2022-07-05,1656979200,2.9609,3.0152,2.8232,2.8599,,,
2022-07-06,1657065600,2.8673,3.0027,2.7926,3.0027,,,
2022-07-07,1657152000,3.0002,3.0895,2.9631,3.0683,,,
2022-07-08,1657238400,3.0696,3.1731,3.0373,3.1531,,,
2022-07-11,1657497600,3.1744,3.1744,3.0382,3.0743,,,
2022-07-12,1657584000,3.0693,3.0705,2.9736,3.0369,,,
2022-07-13,1657670400,3.0344,3.1379,2.9846,3.0181,,,
2022-07-14,1657756800,3.0169,3.1266,3.0032,3.0541,,,
2022-07-15,1657843200,3.0579,3.0664,2.9991,3.0178,,,
2022-07-18,1658102400,3.029,3.1126,3.0115,3.0913,,,
2022-07-19,1658188800,3.0888,3.1364,3.0637,3.1313,,,
2022-07-20,1658275200,3.1364,3.1552,3.0512,3.1464,,,
2022-07-21,1658361600,3.1438,3.1916,2.9639,2.9689,,,
2022-07-22,1658448000,2.9714,2.9938,2.8055,2.835,,,
2022-07-25,1658707200,2.8745,2.9139,2.8546,2.878,,,
2022-07-26,1658793600,2.8842,2.8915,2.7929,2.8915,,,
2022-07-27,1658880000,2.8841,2.9014,2.789,2.8444,,,
2022-07-28,1658966400,2.8395,2.8789,2.6897,2.7092,,,
2022-07-29,1659052800,2.7043,2.7559,2.657,2.6866,,,
2022-08-01,1659312000,2.6989,2.7237,2.6225,2.6225,,,
2022-08-02,1659398400,2.6397,2.8407,2.571,2.8257,,,
2022-08-03,1659484800,2.8245,2.9135,2.7759,2.7834,,,
2022-08-04,1659571200,2.7859,2.8234,2.7188,2.7536,,,
2022-08-05,1659657600,2.7561,2.934,2.7387,2.9088,,,
2022-08-08,1659916800,2.9164,2.929,2.8361,2.8486,,,
2022-08-09,1660003200,2.8411,2.909,2.8386,2.8839,,,
2022-08-10,1660089600,2.8813,2.9129,2.7601,2.8638,,,
2022-08-11,1660176000,2.8664,2.9647,2.8088,2.9496,,,
2022-08-12,1660262400,2.9521,2.9651,2.9032,2.907,,,
2022-08-15,1660521600,2.9145,2.9399,2.8316,2.8567,,,
2022-08-16,1660608000,2.8617,2.9362,2.8416,2.892,,,
2022-08-17,1660694400,2.8996,3.0149,2.8958,2.9908,,,
2022-08-18,1660780800,2.9908,3.01,2.9275,2.9757,,,
2022-08-19,1660867200,2.9782,3.0806,2.9655,3.055,,,
2022-08-22,1661126400,3.0678,3.132,3.0271,3.1115,,,
2022-08-23,1661212800,3.1166,3.1631,3.0629,3.1347,,,
2022-08-24,1661299200,3.145,3.2123,3.1092,3.1968,,,
2022-08-25,1661385600,3.2019,3.2073,3.1145,3.1145,,,
2022-08-26,1661472000,3.121,3.1651,3.1,3.1438,,,
2022-08-29,1661731200,3.1877,3.2393,3.1802,3.2141,,,
2022-08-30,1661817600,3.2179,3.2532,3.1576,3.2154,,,
2022-08-31,1661904000,3.2179,3.3115,3.1953,3.3115,,,
2022-09-01,1661990400,3.3115,3.407,3.2925,3.3675,,,
2022-09-02,1662076800,3.3675,3.378,3.2762,3.2762,,,
2022-09-06,1662422400,3.3194,3.4318,3.2978,3.4292,,,
2022-09-07,1662508800,3.4331,3.4447,3.3373,3.345,,,
2022-09-08,1662595200,3.3488,3.4115,3.289,3.4064,,,
2022-09-09,1662681600,3.4089,3.4182,3.3274,3.4041,,,
2022-09-12,1662940800,3.4092,3.4478,3.3542,3.4298,,,
2022-09-13,1663027200,3.4324,3.5603,3.3722,3.5176,,,
2022-09-14,1663113600,3.5202,3.5903,3.5009,3.5306,,,
2022-09-15,1663200000,3.5358,3.6035,3.5255,3.5905,,,
2022-09-16,1663286400,3.5853,3.6196,3.5389,3.5701,,,
2022-09-19,1663545600,3.5701,3.6354,3.5612,3.6159,,,
2022-09-20,1663632000,3.6172,3.7182,3.5963,3.688,,,
2022-09-21,1663718400,3.6932,3.7552,3.6384,3.6855,,,
2022-09-22,1663804800,3.6803,3.8653,3.6779,3.8653,,,
2022-09-23,1663891200,3.8587,3.981,3.8316,3.8714,,,
2022-09-26,1664150400,3.9034,4.1121,3.9021,4.1121,,,
2022-09-27,1664236800,4.1121,4.1599,3.9682,4.1178,,,
2022-09-28,1664323200,4.1232,4.1766,3.8509,3.8802,,,
2022-09-29,1664409600,3.8829,3.9911,3.8596,3.9291,,,
2022-09-30,1664496000,3.9213,3.9873,3.8262,3.9873,,,
2022-10-03,1664755200,3.9653,3.9679,3.7023,3.7673,,,
2022-10-04,1664841600,3.7698,3.7736,3.6755,3.7557,,,
2022-10-05,1664928000,3.7544,3.911,3.734,3.8775,,,
2022-10-06,1665014400,3.8749,3.9705,3.8517,3.9679,,,
2022-10-07,1665100800,3.9692,4.0461,3.9382,4.0344,,,
2022-10-11,1665446400,4.0827,4.1457,4.0044,4.0854,,,
2022-10-12,1665532800,4.0828,4.1012,4.0201,4.0331,,,
2022-10-13,1665619200,4.0357,4.2198,3.9823,4.096,,,
2022-10-14,1665705600,4.0986,4.1804,4.0046,4.1698,,,
2022-10-17,1665964800,4.1488,4.158,4.0516,4.1409,,,
2022-10-18,1666051200,4.1409,4.1753,4.0884,4.1305,,,
2022-10-19,1666137600,4.1278,4.2682,4.1278,4.2682,,,
2022-10-20,1666224000,4.2682,4.3671,4.2364,4.3577,,,
2022-10-21,1666310400,4.359,4.4334,4.2793,4.2953,,,
2022-10-24,1666569600,4.274,4.3329,4.2023,4.3142,,,
2022-10-25,1666656000,4.3115,4.3115,4.1152,4.1786,,,
2022-10-26,1666742400,4.1759,4.1865,4.0889,4.0981,,,
2022-10-27,1666828800,4.0994,4.1735,3.9775,3.9971,,,
2022-10-28,1666915200,3.9997,4.1296,3.9755,4.1062,,,
2022-10-31,1667174400,4.1166,4.1714,4.1153,4.1479,,,
2022-11-01,1667260800,4.1453,4.1767,4.0116,4.1754,,,
2022-11-02,1667347200,4.1715,4.2515,4.0855,4.2213,,,
2022-11-03,1667433600,4.2082,4.3426,4.2082,4.2713,,,
2022-11-04,1667520000,4.2713,4.3204,4.211,4.2557,,,
2022-11-07,1667779200,4.2505,4.3165,4.2321,4.3126,,,
2022-11-08,1667865600,4.3165,4.3352,4.2124,4.2124,,,
2022-11-09,1667952000,4.2124,4.2559,4.1613,4.1705,,,
2022-11-10,1668038400,4.1718,4.2035,3.8758,3.8809,,,
2022-11-11,1668124800,3.8758,3.8758,3.8758,3.8758,,,
2022-11-14,1668384000,3.9687,3.9738,3.9299,3.935,,,
2022-11-15,1668470400,3.9402,3.9557,3.8384,3.8487,,,
2022-11-16,1668556800,3.8538,3.9143,3.7679,3.7884,,,
2022-11-17,1668643200,3.7871,3.8923,3.7794,3.8704,,,
2022-11-18,1668729600,3.8666,3.9335,3.8445,3.9335,,,
2022-11-21,1668988800,3.9232,3.9477,3.8702,3.9451,,,
2022-11-22,1669075200,3.9477,3.9477,3.8727,3.8843,,,
2022-11-23,1669161600,3.8856,3.9265,3.8032,3.8109,,,
2022-11-24,1669248000,3.8007,3.8007,3.8007,3.8007,,,
2022-11-25,1669334400,3.7675,3.8634,3.7598,3.7904,,,
2022-11-28,1669593600,3.7879,3.8237,3.7343,3.793,,,
2022-11-29,1669680000,3.7904,3.8673,3.7586,3.8519,,,
2022-11-30,1669766400,3.8545,3.911,3.6835,3.6835,,,
2022-12-01,1669852800,3.6898,3.7215,3.5949,3.5986,,,
2022-12-02,1669939200,3.5999,3.7238,3.5794,3.5895,,,
2022-12-05,1670198400,3.6324,3.7314,3.6184,3.7009,,,
2022-12-06,1670284800,3.7085,3.7161,3.6449,3.6703,,,
2022-12-07,1670371200,3.6652,3.6854,3.5337,3.5463,,,
2022-12-08,1670457600,3.5463,3.6447,3.5463,3.627,,,
2022-12-09,1670544000,3.6295,3.7106,3.5925,3.703,,,
2022-12-12,1670803200,3.7081,3.7412,3.6443,3.7284,,,
2022-12-13,1670889600,3.731,3.731,3.5178,3.5961,,,
2022-12-14,1670976000,3.591,3.6569,3.5479,3.5656,,,
2022-12-15,1671062400,3.5669,3.606,3.5453,3.5579,,,
2022-12-16,1671148800,3.5604,3.6591,3.5601,3.5879,,,
2022-12-19,1671408000,3.6057,3.6973,3.6005,3.6819,,,
2022-12-20,1671494400,3.6819,3.7947,3.6794,3.7767,,,
2022-12-21,1671580800,3.7792,3.8011,3.7048,3.7586,,,
2022-12-22,1671667200,3.7638,3.7869,3.7201,3.7843,,,
2022-12-23,1671753600,3.7869,3.8487,3.7815,3.8383,,,
2022-12-27,1672099200,3.8293,3.9448,3.8203,3.9292,,,
2022-12-28,1672185600,3.9318,3.9722,3.8967,3.9683,,,
2022-12-29,1672272000,3.9709,3.971,3.9162,3.9214,,,
2022-12-30,1672358400,3.9201,3.9899,3.9046,3.9679,,,
2023-01-03,1672704000,3.9679,3.9679,3.8236,3.8389,,,
2023-01-04,1672790400,3.8492,3.8556,3.7634,3.7774,,,
2023-01-05,1672876800,3.7825,3.8852,3.7825,3.8338,,,
2023-01-06,1672963200,3.8363,3.8568,3.632,3.6346,,,
2023-01-09,1673222400,3.6384,3.6777,3.5801,3.6092,,,
2023-01-10,1673308800,3.6003,3.8491,3.5914,3.6776,,,
2023-01-11,1673395200,3.6814,3.6814,3.5937,3.6064,,,
2023-01-12,1673481600,3.6039,3.6241,3.4752,3.4928,,,
2023-01-13,1673568000,3.4902,3.5628,3.4708,3.5628,,,
2023-01-17,1673913600,3.5704,3.6261,3.5475,3.5956,,,
2023-01-18,1674000000,3.5906,3.6032,3.394,3.404,,,
2023-01-19,1674086400,3.4028,3.459,3.3516,3.4364,,,
2023-01-20,1674172800,3.4364,3.5418,3.4339,3.5191,,,
2023-01-23,1674432000,3.5216,3.5797,3.4987,3.5645,,,
2023-01-24,1674518400,3.5683,3.5974,3.5138,3.5163,,,
2023-01-25,1674604800,3.5138,3.5339,3.4795,3.5035,,,
2023-01-26,1674691200,3.501,3.5692,3.4895,3.5565,,,
2023-01-27,1674777600,3.5591,3.6146,3.5508,3.5686,,,
2023-01-30,1675036800,3.5763,3.6325,3.5559,3.6095,,,
2023-01-31,1675123200,3.612,3.6223,3.5559,3.5737,,,
2023-02-01,1675209600,3.5737,3.5967,3.4392,3.4721,,,
2023-02-02,1675296000,3.4594,3.4721,3.3837,3.4493,,,
2023-02-03,1675382400,3.4468,3.6518,3.4164,3.5917,,,
2023-02-06,1675641600,3.6353,3.759,3.6199,3.7461,,,
2023-02-07,1675728000,3.7487,3.7824,3.6906,3.7721,,,
2023-02-08,1675814400,3.7721,3.7721,3.7152,3.7152,,,
2023-02-09,1675900800,3.7152,3.8034,3.6972,3.7826,,,
2023-02-10,1675987200,3.7826,3.8611,3.7803,3.8558,,,
2023-02-13,1676246400,3.8558,3.8677,3.8207,3.822,,,
2023-02-14,1676332800,3.822,3.9294,3.7921,3.8927,,,
2023-02-15,1676419200,3.8901,3.9506,3.864,3.9414,,,
2023-02-16,1676505600,3.9361,3.9982,3.8956,3.9903,,,
2023-02-17,1676592000,3.9877,4.0572,3.9382,3.9434,,,
2023-02-21,1676937600,3.9817,4.0947,3.9753,4.0947,,,
2023-02-22,1677024000,4.092,4.1055,4.0363,4.0709,,,
2023-02-23,1677110400,4.0789,4.1084,4.0206,4.0365,,,
2023-02-24,1677196800,4.0445,4.1453,4.0052,4.1153,,,
2023-02-27,1677456000,4.1062,4.1375,4.053,4.0725,,,
2023-02-28,1677542400,4.0776,4.1375,4.0621,4.088,,,
2023-03-01,1677628800,4.088,4.1793,4.0803,4.1649,,,
2023-03-02,1677715200,4.1636,4.2581,4.161,4.2344,,,
2023-03-03,1677801600,4.2344,4.2449,4.1402,4.1416,,,
2023-03-06,1678060800,4.1559,4.1677,4.0946,4.1586,,,
2023-03-07,1678147200,4.1455,4.194,4.1116,4.1717,,,
2023-03-08,1678233600,4.1717,4.2189,4.1142,4.2006,,,
2023-03-09,1678320000,4.198,4.2072,4.0673,4.0699,,,
2023-03-10,1678406400,4.0725,4.0725,3.8438,3.8656,,,
2023-03-13,1678665600,3.8579,3.9055,3.5291,3.6792,,,
2023-03-14,1678752000,3.6488,3.818,3.6007,3.8065,,,
2023-03-15,1678838400,3.7924,3.9067,3.4499,3.5351,,,
2023-03-16,1678924800,3.5388,3.6966,3.4535,3.6966,,,
2023-03-17,1679011200,3.6903,3.7106,3.4454,3.5017,,,
2023-03-20,1679270400,3.5495,3.6063,3.3294,3.5682,,,
2023-03-21,1679356800,3.5619,3.7012,3.4425,3.7012,,,
2023-03-22,1679443200,3.6961,3.7367,3.4886,3.4962,,,
2023-03-23,1679529600,3.5075,3.5526,3.3884,3.4471,,,
2023-03-24,1679616000,3.4358,3.4433,3.2833,3.4077,,,
2023-03-27,1679875200,3.4277,3.5886,3.3952,3.5734,,,
2023-03-28,1679961600,3.5785,3.6392,3.5431,3.6341,,,
2023-03-29,1680048000,3.6341,3.6798,3.5909,3.6493,,,
2023-03-30,1680134400,3.6493,3.6607,3.5957,3.625,,,
2023-03-31,1680220800,3.6199,3.6556,3.5385,3.5385,,,
2023-04-03,1680480000,3.5944,3.6122,3.4664,3.4727,,,
2023-04-04,1680566400,3.4702,3.5384,3.3695,3.377,,,
2023-04-05,1680652800,3.372,3.4171,3.2907,3.3519,,,
2023-04-06,1680739200,3.3531,3.3531,3.2902,3.3414,,,
2023-04-07,1680825600,3.3364,3.4673,3.3339,3.4673,,,
2023-04-10,1681084800,3.4218,3.4849,3.4117,3.4723,,,
2023-04-11,1681171200,3.4685,3.5153,3.4292,3.4798,,,
2023-04-12,1681257600,3.4823,3.5051,3.3914,3.4317,,,
2023-04-13,1681344000,3.4292,3.4873,3.3888,3.4746,,,
2023-04-14,1681430400,3.4746,3.5736,3.444,3.5609,,,
2023-04-17,1681689600,3.5736,3.6556,3.5494,3.6504,,,
2023-04-18,1681776000,3.653,3.653,3.5991,3.6273,,,
2023-04-19,1681862400,3.6248,3.6929,3.6248,3.6478,,,
2023-04-20,1681948800,3.6453,3.653,3.5748,3.5863,,,
2023-04-21,1682035200,3.5837,3.6221,3.5427,3.6221,,,
2023-04-24,1682294400,3.617,3.617,3.5299,3.5299,,,
2023-04-25,1682380800,3.5325,3.5325,3.4003,3.4281,,,
2023-04-26,1682467200,3.4231,3.484,3.4027,3.4763,,,
2023-04-27,1682553600,3.4712,3.581,3.4573,3.572,,,
2023-04-28,1682640000,3.5759,3.5865,3.4645,3.4645,,,
2023-05-01,1682899200,3.4924,3.6351,3.4911,3.6095,,,
2023-05-02,1682985600,3.6044,3.607,3.4392,3.4417,,,
2023-05-03,1683072000,3.4493,3.4518,3.3183,3.3183,,,
2023-05-04,1683158400,3.3496,3.3999,3.2581,3.3483,,,
2023-05-05,1683244800,3.3408,3.439,3.3408,3.4162,,,
2023-05-08,1683504000,3.4339,3.4846,3.4049,3.4694,,,
2023-05-09,1683590400,3.4923,3.5126,3.4617,3.5024,,,
2023-05-10,1683676800,3.5024,3.5355,3.3883,3.4098,,,
2023-05-11,1683763200,3.4034,3.4135,3.3101,3.3668,,,
2023-05-12,1683849600,3.3643,3.4591,3.3452,3.4591,,,
2023-05-15,1684108800,3.4566,3.4947,3.4515,3.4871,,,
2023-05-16,1684195200,3.4871,3.5586,3.4362,3.5304,,,
2023-05-17,1684281600,3.533,3.5919,3.5074,3.5765,,,
2023-05-18,1684368000,3.5765,3.6848,3.5612,3.6667,,,
2023-05-19,1684454400,3.6692,3.7524,3.641,3.7134,,,
2023-05-22,1684713600,3.6979,3.7603,3.672,3.7434,,,
2023-05-23,1684800000,3.7447,3.7864,3.7135,3.7187,,,
2023-05-24,1684886400,3.7161,3.784,3.695,3.784,,,
2023-05-25,1684972800,3.779,3.884,3.768,3.881,,,
2023-05-26,1685059200,3.884,3.915,3.827,3.878,,,
2023-05-30,1685404800,3.85,3.85,3.74,3.753,,,
2023-05-31,1685491200,3.755,3.758,3.676,3.709,,,
2023-06-01,1685577600,3.708,3.755,3.648,3.653,,,
2023-06-02,1685664000,3.654,4.313,3.654,3.786,,,
2023-06-05,1685923200,3.799,3.855,3.75,3.765,,,
2023-06-06,1686009600,3.768,3.817,3.732,3.747,,,
2023-06-07,1686096000,3.763,3.89,3.745,3.886,,,
2023-06-08,1686182400,3.879,3.906,3.791,3.801,,,
2023-06-09,1686268800,3.796,3.858,3.796,3.837,,,
2023-06-12,1686528000,3.85,3.882,3.804,3.825,,,
2023-06-13,1686614400,3.83,3.947,3.76,3.921,,,
2023-06-14,1686700800,3.926,3.973,3.874,3.9,,,
2023-06-15,1686787200,3.9,3.962,3.812,3.819,,,
2023-06-16,1686873600,3.819,3.922,3.817,3.879,,,
2023-06-20,1687219200,3.926,3.929,3.816,3.845,,,
2023-06-21,1687305600,3.834,3.903,3.827,3.845,,,
2023-06-22,1687392000,3.848,3.938,3.844,3.927,,,
2023-06-23,1687478400,3.926,3.928,3.819,3.874,,,
2023-06-26,1687737600,3.853,3.865,3.812,3.856,,,
2023-06-27,1687824000,3.853,3.916,3.838,3.912,,,
2023-06-28,1687910400,3.908,3.912,3.843,3.845,,,
2023-06-29,1687996800,3.848,4.0,3.832,3.985,,,
2023-06-30,1688083200,3.982,4.041,3.96,4.003,,,
2023-07-03,1688342400,3.999,4.035,3.946,4.03,,,
2023-07-05,1688515200,4.009,4.112,3.997,4.103,,,
2023-07-06,1688601600,4.1,4.275,4.099,4.209,,,
2023-07-07,1688688000,4.203,4.342,4.179,4.238,,,
2023-07-10,1688947200,4.22,4.25,4.13,4.133,,,
2023-07-11,1689033600,4.138,4.138,4.108,4.119,,,
2023-07-12,1689120000,4.122,4.122,4.101,4.105,,,
2023-07-13,1689206400,3.974,3.974,3.854,3.866,,,
2023-07-14,1689292800,3.863,3.947,3.858,3.947,,,
2023-07-17,1689552000,3.939,3.94,3.879,3.915,,,
2023-07-18,1689638400,3.9,3.913,3.843,3.905,,,
2023-07-19,1689724800,3.902,3.908,3.842,3.887,,,
2023-07-20,1689811200,3.88,3.985,3.88,3.985,,,
2023-07-21,1689897600,3.994,3.994,3.96,3.973,,,
2023-07-24,1690156800,3.986,4.021,3.926,4.019,,,
2023-07-25,1690243200,4.021,4.068,4.001,4.036,,,
2023-07-26,1690329600,4.038,4.048,3.983,4.01,,,
2023-07-27,1690416000,4.009,4.156,3.974,4.142,,,
2023-07-28,1690502400,4.14,4.17,4.069,4.078,,,
2023-07-31,1690761600,4.083,4.124,4.049,4.083,,,
2023-08-01,1690848000,4.085,4.164,4.067,4.127,,,
2023-08-02,1690934400,4.14,4.211,4.104,4.174,,,
2023-08-03,1691020800,4.178,4.266,4.173,4.253,,,
2023-08-04,1691107200,4.25,4.282,4.088,4.091,,,
2023-08-07,1691366400,4.112,4.177,4.104,4.135,,,
2023-08-08,1691452800,4.138,4.138,4.036,4.075,,,
2023-08-09,1691539200,4.074,4.091,4.044,4.083,,,
2023-08-10,1691625600,4.083,4.188,4.041,4.182,,,
2023-08-11,1691712000,4.186,4.267,4.151,4.251,,,
2023-08-14,1691971200,4.269,4.323,4.24,4.301,,,
2023-08-15,1692057600,4.309,4.361,4.256,4.319,,,
2023-08-16,1692144000,4.317,4.372,4.264,4.354,,,
2023-08-17,1692230400,4.357,4.421,4.351,4.371,,,
2023-08-18,1692316800,4.373,4.373,4.307,4.35,,,
2023-08-21,1692576000,4.352,4.443,4.344,4.435,,,
2023-08-22,1692662400,4.435,4.457,4.401,4.438,,,
2023-08-23,1692748800,4.441,4.441,4.295,4.307,,,
2023-08-24,1692835200,4.307,4.355,4.292,4.355,,,
2023-08-25,1692921600,4.354,4.411,4.342,4.366,,,
2023-08-28,1693180800,4.382,4.385,4.321,4.332,,,
2023-08-29,1693267200,4.332,4.359,4.215,4.231,,,
2023-08-30,1693353600,4.226,4.263,4.193,4.219,,,
2023-08-31,1693440000,4.213,4.225,4.187,4.208,,,
2023-09-01,1693526400,4.203,4.283,4.154,4.266,,,
2023-09-05,1693872000,4.292,4.355,4.29,4.347,,,
2023-09-06,1693958400,4.346,4.4,4.324,4.377,,,
2023-09-07,1694044800,4.395,4.397,4.332,4.337,,,
2023-09-08,1694131200,4.334,4.361,4.298,4.361,,,
2023-09-11,1694390400,4.374,4.396,4.364,4.377,,,
2023-09-12,1694476800,4.377,4.382,4.358,4.377,,,
2023-09-13,1694563200,4.373,4.41,4.324,4.34,,,
2023-09-14,1694649600,4.34,4.382,4.313,4.377,,,
2023-09-15,1694736000,4.372,4.431,4.356,4.423,,,
2023-09-18,1694995200,4.42,4.521,4.399,4.404,,,
2023-09-19,1695081600,4.401,4.469,4.395,4.463,,,
2023-09-20,1695168000,4.464,4.527,4.407,4.527,,,
2023-09-21,1695254400,4.512,4.592,4.512,4.586,,,
2023-09-22,1695340800,4.584,4.593,4.513,4.525,,,
2023-09-25,1695600000,4.517,4.614,4.517,4.606,,,
2023-09-26,1695686400,4.599,4.632,4.556,4.606,,,
2023-09-27,1695772800,4.599,4.707,4.563,4.685,,,
2023-09-28,1695859200,4.684,4.742,4.636,4.642,,,
2023-09-29,1695945600,4.642,4.651,4.563,4.616,,,
2023-10-02,1696204800,4.657,4.738,4.647,4.723,,,
2023-10-03,1696291200,4.726,4.838,4.71,4.83,,,
2023-10-04,1696377600,4.827,4.911,4.747,4.76,,,
2023-10-05,1696464000,4.758,4.783,4.718,4.731,,,
2023-10-06,1696550400,4.731,4.865,4.723,4.811,,,
2023-10-10,1696896000,4.635,4.715,4.625,4.662,,,
2023-10-11,1696982400,4.662,4.667,4.57,4.596,,,
2023-10-12,1697068800,4.593,4.747,4.573,4.726,,,
2023-10-13,1697155200,4.724,4.726,4.619,4.651,,,
2023-10-16,1697414400,4.683,4.747,4.678,4.739,,,
2023-10-17,1697500800,4.733,4.909,4.733,4.887,,,
2023-10-18,1697587200,4.887,4.963,4.855,4.96,,,
2023-10-19,1697673600,4.958,5.023,4.952,5.015,,,
2023-10-20,1697760000,5.012,5.012,4.902,4.924,,,
2023-10-23,1698019200,4.95,5.018,4.85,4.863,,,
2023-10-24,1698105600,4.856,4.904,4.817,4.862,,,
2023-10-25,1698192000,4.854,4.991,4.839,4.983,,,
2023-10-26,1698278400,4.985,5.002,4.863,4.869,,,
2023-10-27,1698364800,4.869,4.899,4.834,4.842,,,
2023-10-30,1698624000,4.88,4.918,4.855,4.899,,,
2023-10-31,1698710400,4.892,4.93,4.819,4.93,,,
2023-11-01,1698796800,4.935,4.935,4.729,4.729,,,
2023-11-02,1698883200,4.728,4.742,4.635,4.682,,,
2023-11-03,1698969600,4.682,4.695,4.501,4.561,,,
2023-11-06,1699228800,4.579,4.663,4.566,4.645,,,
2023-11-07,1699315200,4.645,4.658,4.554,4.579,,,
2023-11-08,1699401600,4.578,4.621,4.527,4.527,,,
2023-11-09,1699488000,4.529,4.692,4.519,4.676,,,
2023-11-10,1699574400,4.679,4.715,4.62,4.715,,,
2023-11-13,1699833600,4.707,4.753,4.678,4.695,,,
2023-11-14,1699920000,4.689,4.707,4.453,4.472,,,
2023-11-15,1700006400,4.474,4.583,4.45,4.56,,,
2023-11-16,1700092800,4.562,4.562,4.453,4.455,,,
2023-11-17,1700179200,4.463,4.496,4.4,4.473,,,
2023-11-20,1700438400,4.486,4.52,4.452,4.46,,,
2023-11-21,1700524800,4.464,4.473,4.421,4.427,,,
2023-11-22,1700611200,4.431,4.487,4.396,4.453,,,
2023-11-23,1700697600,4.451,4.451,4.451,4.451,,,
2023-11-24,1700784000,4.493,4.532,4.491,4.514,,,
2023-11-27,1701043200,4.535,4.556,4.426,4.433,,,
2023-11-28,1701129600,4.434,4.461,4.341,4.341,,,
2023-11-29,1701216000,4.344,4.348,4.276,4.277,,,
2023-11-30,1701302400,4.281,4.38,4.273,4.349,,,
2023-12-01,1701388800,4.345,4.364,4.213,4.213,,,
2023-12-04,1701648000,4.226,4.315,4.225,4.273,,,
2023-12-05,1701734400,4.276,4.281,4.187,4.193,,,
2023-12-06,1701820800,4.189,4.234,4.141,4.141,,,
2023-12-07,1701907200,4.146,4.216,4.136,4.178,,,
2023-12-08,1701993600,4.174,4.305,4.174,4.27,,,
2023-12-11,1702252800,4.286,4.325,4.27,4.275,,,
2023-12-12,1702339200,4.277,4.286,4.219,4.244,,,
2023-12-13,1702425600,4.249,4.249,4.006,4.017,,,
2023-12-14,1702512000,4.022,4.022,3.89,3.937,,,
2023-12-15,1702598400,3.935,3.992,3.906,3.942,,,
2023-12-18,1702857600,3.952,3.985,3.92,3.957,,,
2023-12-19,1702944000,3.958,3.975,3.924,3.959,,,
2023-12-20,1703030400,3.959,3.959,3.871,3.871,,,
2023-12-21,1703116800,3.874,3.923,3.852,3.905,,,
2023-12-22,1703203200,3.908,3.934,3.869,3.916,,,
2023-12-26,1703548800,3.918,3.929,3.899,3.92,,,
2023-12-27,1703635200,3.92,3.925,3.805,3.818,,,
2023-12-28,1703721600,3.809,3.886,3.809,3.868,,,
2023-12-29,1703808000,3.871,4.483,3.842,3.872,,,
2024-01-02,1704153600,3.872,3.977,3.872,3.938,,,
2024-01-03,1704240000,3.946,4.009,3.906,3.93,,,
2024-01-04,1704326400,3.927,4.011,3.905,4.003,,,
2024-01-05,1704412800,4.003,4.089,3.951,4.04,,,
2024-01-08,1704672000,4.043,4.057,3.957,4.019,,,
2024-01-09,1704758400,4.014,4.035,3.983,3.999,,,
2024-01-10,1704844800,3.999,4.019,3.962,4.009,,,
2024-01-11,1704931200,4.009,4.056,3.931,3.931,,,
2024-01-12,1705017600,3.936,3.967,3.872,3.885,,,
2024-01-16,1705363200,3.936,4.029,3.931,4.004,,,
2024-01-17,1705449600,3.999,4.091,3.983,4.078,,,
2024-01-18,1705536000,4.078,4.114,4.041,4.11,,,
2024-01-19,1705622400,4.104,4.163,4.094,4.099,,,
2024-01-22,1705881600,4.11,4.11,4.049,4.076,,,
2024-01-23,1705968000,4.074,4.119,4.057,4.1,,,
2024-01-24,1706054400,4.098,4.145,4.047,4.142,,,
2024-01-25,1706140800,4.145,4.158,4.079,4.079,,,
2024-01-26,1706227200,4.076,4.132,4.045,4.104,,,
2024-01-29,1706486400,4.096,4.104,4.023,4.037,,,
2024-01-30,1706572800,4.036,4.075,4.005,4.009,,,
2024-01-31,1706659200,4.01,4.014,3.879,3.88,,,
2024-02-01,1706745600,3.882,3.923,3.796,3.851,,,
2024-02-02,1706832000,3.851,4.039,3.841,4.008,,,
2024-02-05,1707091200,4.041,4.161,4.041,4.148,,,
2024-02-06,1707177600,4.151,4.153,4.063,4.083,,,
2024-02-07,1707264000,4.073,4.109,4.044,4.106,,,
2024-02-08,1707350400,4.098,4.161,4.088,4.153,,,
2024-02-09,1707436800,4.152,4.19,4.133,4.171,,,
2024-02-12,1707696000,4.173,4.188,4.143,4.176,,,
2024-02-13,1707782400,4.172,4.349,4.146,4.349,,,
2024-02-14,1707868800,4.336,4.346,4.255,4.267,,,
2024-02-15,1707955200,4.271,4.271,4.201,4.24,,,
2024-02-16,1708041600,4.243,4.352,4.243,4.299,,,
2024-02-20,1708387200,4.331,4.334,4.255,4.282,,,
2024-02-21,1708473600,4.286,4.335,4.255,4.331,,,
2024-02-22,1708560000,4.33,4.365,4.31,4.348,,,
2024-02-23,1708646400,4.352,4.38,4.277,4.284,,,
2024-02-26,1708905600,4.297,4.341,4.253,4.316,,,
2024-02-27,1708992000,4.316,4.349,4.292,4.334,,,
2024-02-28,1709078400,4.333,4.336,4.286,4.286,,,
2024-02-29,1709164800,4.286,4.344,4.251,4.272,,,
2024-03-01,1709251200,4.276,4.313,4.191,4.193,,,
2024-03-04,1709510400,4.201,4.245,4.201,4.226,,,
2024-03-05,1709596800,4.229,4.233,4.142,4.167,,,
2024-03-06,1709683200,4.164,4.178,4.097,4.12,,,
2024-03-07,1709769600,4.122,4.141,4.078,4.089,,,
2024-03-08,1709856000,4.089,4.098,4.038,4.068,,,
2024-03-11,1710115200,4.25,4.25,4.049,4.102,,,
2024-03-12,1710201600,4.1,4.172,4.09,4.162,,,
2024-03-13,1710288000,4.16,4.205,4.14,4.205,,,
2024-03-14,1710374400,4.201,4.31,4.196,4.302,,,
2024-03-15,1710460800,4.305,4.343,4.288,4.332,,,
2024-03-18,1710720000,4.331,4.371,4.314,4.35,,,
2024-03-19,1710806400,4.353,4.358,4.31,4.313,,,
2024-03-20,1710892800,4.311,4.313,4.269,4.274,,,
2024-03-21,1710979200,4.274,4.29,4.222,4.276,,,
2024-03-22,1711065600,4.276,4.276,4.202,4.202,,,
2024-03-25,1711324800,4.2,4.26,4.194,4.249,,,
2024-03-26,1711411200,4.251,4.272,4.228,4.238,,,
2024-03-27,1711497600,4.239,4.243,4.192,4.197,,,
2024-03-28,1711584000,4.192,4.24,4.192,4.217,,,
2024-04-01,1711929600,4.198,4.342,4.193,4.322,,,
2024-04-02,1712016000,4.326,4.4,4.312,4.355,,,
2024-04-03,1712102400,4.358,4.429,4.345,4.346,,,
2024-04-04,1712188800,4.349,4.372,4.3,4.313,,,
2024-04-05,1712275200,4.304,4.408,4.301,4.408,,,
2024-04-08,1712534400,4.414,4.467,4.414,4.435,,,
2024-04-09,1712620800,4.434,4.442,4.366,4.375,,,
2024-04-10,1712707200,4.374,4.597,4.356,4.588,,,
2024-04-11,1712793600,4.588,4.637,4.557,4.627,,,
2024-04-12,1712880000,4.62,4.62,4.508,4.549,,,
2024-04-15,1713139200,4.557,4.683,4.543,4.623,,,
2024-04-16,1713225600,4.627,4.709,4.61,4.697,,,
2024-04-17,1713312000,4.694,4.707,4.594,4.61,,,
2024-04-18,1713398400,4.609,4.678,4.581,4.663,,,
2024-04-19,1713484800,4.666,4.666,4.516,4.654,,,
2024-04-22,1713744000,4.666,4.695,4.637,4.639,,,
2024-04-23,1713830400,4.639,4.679,4.592,4.624,,,
2024-04-24,1713916800,4.624,4.679,4.619,4.663,,,
2024-04-25,1714003200,4.657,4.753,4.652,4.728,,,
2024-04-26,1714089600,4.731,4.736,4.67,4.688,,,
2024-04-29,1714348800,4.683,4.683,4.625,4.636,,,
2024-04-30,1714435200,4.63,4.711,4.621,4.71,,,
2024-05-01,1714521600,4.706,4.739,4.601,4.643,,,
2024-05-02,1714608000,4.651,4.651,4.567,4.579,,,
2024-05-03,1714694400,4.579,4.59,4.468,4.504,,,
2024-05-06,1714953600,4.488,4.502,4.459,4.481,,,
2024-05-07,1715040000,4.487,4.491,4.424,4.462,,,
2024-05-08,1715126400,4.462,4.498,4.453,4.493,,,
2024-05-09,1715212800,4.497,4.521,4.451,4.462,,,
2024-05-10,1715299200,4.462,4.512,4.448,4.509,,,
2024-05-13,1715558400,4.499,4.502,4.469,4.498,,,
2024-05-14,1715644800,4.498,4.507,4.447,4.451,,,
2024-05-15,1715731200,4.445,4.457,4.337,4.338,,,
2024-05-16,1715817600,4.34,4.388,4.309,4.383,,,
2024-05-17,1715904000,4.383,4.432,4.367,4.432,,,
2024-05-20,1716163200,4.424,4.459,4.415,4.456,,,
2024-05-21,1716249600,4.456,4.456,4.408,4.42,,,
2024-05-22,1716336000,4.419,4.47,4.417,4.442,,,
2024-05-23,1716422400,4.444,4.518,4.43,4.5,,,
2024-05-24,1716508800,4.5,4.522,4.483,4.491,,,
2024-05-28,1716854400,4.481,4.57,4.465,4.57,,,
2024-05-29,1716940800,4.571,4.646,4.563,4.634,,,
2024-05-30,1717027200,4.635,4.643,4.557,4.562,,,
2024-05-31,1717113600,4.562,4.583,4.495,4.509,,,
2024-06-03,1717372800,4.499,4.508,4.398,4.399,,,
2024-06-04,1717459200,4.399,4.419,4.316,4.332,,,
2024-06-05,1717545600,4.331,4.363,4.281,4.281,,,
2024-06-06,1717632000,4.28,4.317,4.279,4.292,,,
2024-06-07,1717718400,4.289,4.451,4.289,4.451,,,
2024-06-10,1717977600,4.464,4.485,4.456,4.475,,,
2024-06-11,1718064000,4.476,4.476,4.4,4.411,,,
2024-06-12,1718150400,4.406,4.416,4.239,4.31,,,
2024-06-13,1718236800,4.31,4.319,4.211,4.238,,,
2024-06-14,1718323200,4.238,4.264,4.192,4.218,,,
2024-06-17,1718582400,4.2,4.29,4.2,4.284,,,
2024-06-18,1718668800,4.282,4.301,4.212,4.225,,,
2024-06-19,1718755200,4.22,4.22,4.22,4.22,,,
2024-06-20,1718841600,4.238,4.286,4.237,4.26,,,
2024-06-21,1718928000,4.257,4.274,4.217,4.257,,,
2024-06-24,1719187200,4.257,4.275,4.231,4.236,,,
2024-06-25,1719273600,4.234,4.262,4.214,4.255,,,
2024-06-26,1719360000,4.254,4.331,4.248,4.331,,,
2024-06-27,1719446400,4.332,4.35,4.28,4.287,,,
2024-06-28,1719532800,4.285,4.376,4.25,4.376,,,
2024-07-01,1719792000,4.398,4.46,4.36,4.435,,,
2024-07-02,1719878400,4.44,4.44,4.382,4.405,,,
2024-07-03,1719964800,4.406,4.412,4.305,4.323,,,
2024-07-05,1720137600,4.339,4.343,4.224,4.233,,,
2024-07-08,1720396800,4.241,4.268,4.224,4.239,,,
2024-07-09,1720483200,4.239,4.281,4.233,4.254,,,
2024-07-10,1720569600,4.251,4.266,4.224,4.245,,,
2024-07-11,1720656000,4.243,4.254,4.118,4.159,,,
2024-07-12,1720742400,4.16,4.178,4.121,4.128,,,
2024-07-15,1721001600,4.13,4.177,4.13,4.166,,,
2024-07-16,1721088000,4.168,4.168,4.095,4.099,,,
2024-07-17,1721174400,4.099,4.139,4.088,4.1,,,
2024-07-18,1721260800,4.098,4.143,4.098,4.141,,,
2024-07-19,1721347200,4.139,4.187,4.124,4.187,,,
2024-07-22,1721606400,4.17,4.218,4.154,4.197,,,
2024-07-23,1721692800,4.196,4.196,4.162,4.191,,,
2024-07-24,1721779200,4.192,4.213,4.136,4.213,,,
2024-07-25,1721865600,4.213,4.213,4.128,4.171,,,
2024-07-26,1721952000,4.174,4.213,4.115,4.12,,,
2024-07-29,1722211200,4.117,4.117,4.08,4.104,,,
2024-07-30,1722297600,4.099,4.113,4.063,4.066,,,
2024-07-31,1722384000,4.064,4.078,3.946,3.948,,,
2024-08-01,1722470400,3.948,3.983,3.875,3.883,,,
2024-08-02,1722556800,3.89,3.89,3.671,3.675,,,
2024-08-05,1722816000,3.684,3.727,3.532,3.675,,,
2024-08-06,1722902400,3.686,3.806,3.674,3.787,,,
2024-08-07,1722988800,3.793,3.865,3.771,3.828,,,
2024-08-08,1723075200,3.838,3.909,3.779,3.884,,,
2024-08-09,1723161600,3.881,3.885,3.816,3.843,,,
2024-08-12,1723420800,3.84,3.867,3.789,3.794,,,
2024-08-13,1723507200,3.797,3.813,3.728,3.728,,,
2024-08-14,1723593600,3.729,3.756,3.704,3.729,,,
2024-08-15,1723680000,3.729,3.856,3.72,3.827,,,
2024-08-16,1723766400,3.831,3.838,3.77,3.798,,,
2024-08-19,1724025600,3.824,3.826,3.772,3.791,,,
2024-08-20,1724112000,3.789,3.805,3.726,3.726,,,
2024-08-21,1724198400,3.728,3.737,3.667,3.705,,,
2024-08-22,1724284800,3.701,3.786,3.695,3.765,,,
2024-08-23,1724371200,3.77,3.771,3.694,3.703,,,
2024-08-26,1724630400,3.692,3.726,3.671,3.726,,,
2024-08-27,1724716800,3.726,3.767,3.714,3.723,,,
2024-08-28,1724803200,3.731,3.742,3.708,3.736,,,
2024-08-29,1724889600,3.735,3.803,3.714,3.761,,,
2024-08-30,1724976000,3.761,7.39,3.755,3.801,,,
2024-09-03,1725321600,3.818,3.824,3.723,3.728,,,
2024-09-04,1725408000,3.726,3.733,3.644,3.644,,,
2024-09-05,1725494400,3.648,3.663,3.612,3.627,,,
2024-09-06,1725580800,3.624,3.658,3.546,3.589,,,
2024-09-09,1725840000,3.611,3.644,3.578,3.585,,,
2024-09-10,1725926400,3.584,3.609,3.517,3.524,,,
2024-09-11,1726012800,3.519,3.567,3.484,3.539,,,
2024-09-12,1726099200,3.546,3.59,3.525,3.561,,,
2024-09-13,1726185600,3.565,3.565,3.51,3.53,,,
2024-09-16,1726444800,3.534,3.535,3.499,3.5,,,
2024-09-17,1726531200,3.5,3.542,3.49,3.535,,,
2024-09-18,1726617600,3.535,3.657,3.524,3.586,,,
2024-09-19,1726704000,3.595,3.648,3.569,3.593,,,
2024-09-20,1726790400,3.596,3.642,3.579,3.615,,,
2024-09-23,1727049600,3.614,3.669,3.605,3.622,,,
2024-09-24,1727136000,3.622,3.672,3.591,3.591,,,
2024-09-25,1727222400,3.592,3.652,3.589,3.648,,,
2024-09-26,1727308800,3.649,3.681,3.616,3.667,,,
2024-09-27,1727395200,3.663,3.672,3.602,3.608,,,
2024-09-30,1727654400,3.611,3.674,3.607,3.651,,,
2024-10-01,1727740800,3.653,3.657,3.563,3.599,,,
2024-10-02,1727827200,3.596,3.671,3.589,3.645,,,
2024-10-03,1727913600,3.643,3.721,3.643,3.714,,,
2024-10-04,1728000000,3.713,3.88,3.702,3.867,,,
2024-10-07,1728259200,3.886,3.939,3.871,3.931,,,
2024-10-08,1728345600,3.93,3.952,3.892,3.914,,,
2024-10-09,1728432000,3.915,3.986,3.906,3.986,,,
2024-10-10,1728518400,3.983,4.04,3.959,3.966,,,
2024-10-11,1728604800,3.966,4.005,3.961,3.993,,,
2024-10-15,1728950400,3.997,4.001,3.93,3.934,,,
2024-10-16,1729036800,3.933,3.942,3.899,3.92,,,
2024-10-17,1729123200,3.921,3.999,3.921,3.988,,,
2024-10-18,1729209600,3.991,4.012,3.964,3.975,,,
2024-10-21,1729468800,3.986,4.088,3.971,4.088,,,
2024-10-22,1729555200,4.085,4.11,4.061,4.105,,,
2024-10-23,1729641600,4.101,4.156,4.101,4.149,,,
2024-10-24,1729728000,4.147,4.151,4.088,4.123,,,
2024-10-25,1729814400,4.123,4.155,4.083,4.15,,,
2024-10-28,1730073600,4.174,4.207,4.142,4.195,,,
2024-10-29,1730160000,4.197,4.251,4.164,4.164,,,
2024-10-30,1730246400,4.166,4.225,4.119,4.225,,,
2024-10-31,1730332800,4.224,4.262,4.199,4.224,,,
2024-11-01,1730419200,4.228,4.312,4.157,4.291,,,
2024-11-04,1730678400,4.312,4.312,4.189,4.219,,,
2024-11-05,1730764800,4.219,4.301,4.21,4.21,,,
2024-11-06,1730851200,4.219,4.408,4.198,4.37,,,
2024-11-07,1730937600,4.366,4.378,4.244,4.252,,,
2024-11-08,1731024000,4.245,4.273,4.203,4.249,,,
2024-11-12,1731369600,4.291,4.392,4.27,4.378,,,
2024-11-13,1731456000,4.38,4.398,4.303,4.385,,,
2024-11-14,1731542400,4.381,4.414,4.326,4.385,,,
2024-11-15,1731628800,4.393,4.449,4.335,4.38,,,
2024-11-18,1731888000,4.372,4.415,4.342,4.347,,,
2024-11-19,1731974400,4.346,4.347,4.272,4.33,,,
2024-11-20,1732060800,4.327,4.366,4.319,4.346,,,
2024-11-21,1732147200,4.347,4.368,4.309,4.36,,,
2024-11-22,1732233600,4.354,4.361,4.318,4.338,,,
2024-11-25,1732492800,4.288,4.308,4.202,4.214,,,
2024-11-26,1732579200,4.214,4.261,4.21,4.241,,,
2024-11-27,1732665600,4.231,4.245,4.161,4.193,,,
2024-11-28,1732752000,4.194,4.194,4.193,4.193,,,
2024-11-29,1732838400,4.182,4.186,4.109,4.112,,,
2024-12-02,1733097600,4.146,4.185,4.124,4.139,,,
2024-12-03,1733184000,4.142,4.176,4.115,4.169,,,
2024-12-04,1733270400,4.169,4.219,4.12,4.125,,,
2024-12-05,1733356800,4.126,4.17,4.121,4.128,,,
2024-12-06,1733443200,4.125,4.202,4.066,4.081,,,
2024-12-09,1733702400,4.087,4.137,4.07,4.136,,,
2024-12-10,1733788800,4.135,4.18,4.117,4.161,,,
2024-12-11,1733875200,4.161,4.204,4.129,4.203,,,
2024-12-12,1733961600,4.204,4.263,4.191,4.254,,,
2024-12-13,1734048000,4.262,4.332,4.241,4.328,,,
2024-12-16,1734307200,4.314,4.336,4.29,4.33,,,
2024-12-17,1734393600,4.33,4.369,4.307,4.334,,,
2024-12-18,1734480000,4.326,4.472,4.31,4.468,,,
2024-12-19,1734566400,4.471,4.52,4.452,4.507,,,
2024-12-20,1734652800,4.505,4.506,4.414,4.459,,,
2024-12-23,1734912000,4.462,4.53,4.452,4.519,,,
2024-12-24,1734998400,4.521,4.557,4.511,4.524,,,
2024-12-26,1735171200,4.528,4.572,4.501,4.512,,,
2024-12-27,1735257600,4.51,4.547,4.496,4.547,,,
2024-12-30,1735516800,4.547,4.547,4.448,4.448,,,
2024-12-31,1735603200,4.446,4.493,4.425,4.479,,,
2025-01-02,1735776000,4.479,4.504,4.427,4.47,,,
2025-01-03,1735862400,4.47,4.512,4.445,4.51,,,
2025-01-06,1736121600,4.512,4.547,4.489,4.532,,,
2025-01-07,1736208000,4.522,4.588,4.506,4.579,,,
2025-01-08,1736294400,4.579,4.61,4.555,4.579,,,
2025-01-09,1736380800,4.579,4.579,4.542,4.575,,,
2025-01-10,1736467200,4.563,4.696,4.561,4.68,,,
2025-01-13,1736726400,4.68,4.723,4.68,4.7,,,
2025-01-14,1736812800,4.708,4.718,4.67,4.706,,,
2025-01-15,1736899200,4.704,4.707,4.543,4.557,,,
2025-01-16,1736985600,4.557,4.6,4.488,4.509,,,
2025-01-17,1737072000,4.506,4.53,4.471,4.527,,,
2025-01-21,1737417600,4.463,4.498,4.432,4.489,,,
2025-01-22,1737504000,4.484,4.53,4.468,4.527,,,
2025-01-23,1737590400,4.527,4.571,4.51,4.553,,,
2025-01-24,1737676800,4.551,4.557,4.507,4.52,,,
2025-01-27,1737936000,4.505,4.509,4.394,4.436,,,
2025-01-28,1738022400,4.432,4.473,4.425,4.428,,,
2025-01-29,1738108800,4.425,4.487,4.409,4.433,,,
2025-01-30,1738195200,4.434,4.443,4.389,4.421,,,
2025-01-31,1738281600,4.42,4.479,4.405,4.442,,,
2025-02-03,1738540800,4.484,4.484,4.374,4.468,,,
2025-02-04,1738627200,4.46,4.496,4.417,4.418,,,
2025-02-05,1738713600,4.417,4.433,4.312,4.334,,,
2025-02-06,1738800000,4.337,4.378,4.33,4.358,,,
2025-02-07,1738886400,4.357,4.435,4.354,4.42,,,
2025-02-10,1739145600,4.412,4.43,4.385,4.418,,,
2025-02-11,1739232000,4.421,4.464,4.421,4.455,,,
2025-02-12,1739318400,4.455,4.581,4.45,4.552,,,
2025-02-13,1739404800,4.552,4.555,4.45,4.46,,,
2025-02-14,1739491200,4.46,4.512,4.376,4.402,,,
2025-02-18,1739836800,4.417,4.487,4.413,4.48,,,
2025-02-19,1739923200,4.482,4.496,4.453,4.455,,,
2025-02-20,1740009600,4.454,4.455,4.419,4.429,,,
2025-02-21,1740096000,4.429,4.433,4.335,4.354,,,
2025-02-24,1740355200,4.355,4.379,4.311,4.321,,,
2025-02-25,1740441600,4.318,4.318,4.203,4.213,,,
2025-02-26,1740528000,4.215,4.254,4.156,4.171,,,
2025-02-27,1740614400,4.168,4.23,4.168,4.173,,,
2025-02-28,1740700800,4.177,4.177,4.103,4.108,,,
2025-03-03,1740960000,4.151,4.167,4.049,4.058,,,
2025-03-04,1741046400,4.06,4.147,3.992,4.147,,,
2025-03-05,1741132800,4.147,4.191,4.073,4.184,,,
2025-03-06,1741219200,4.181,4.234,4.161,4.172,,,
2025-03-07,1741305600,4.173,4.224,4.098,4.198,,,
2025-03-10,1741564800,4.154,4.187,4.087,4.095,,,
2025-03-11,1741651200,4.099,4.173,4.031,4.165,,,
2025-03-12,1741737600,4.165,4.221,4.135,4.195,,,
2025-03-13,1741824000,4.197,4.233,4.137,4.155,,,
2025-03-14,1741910400,4.152,4.212,4.152,4.21,,,
2025-03-17,1742169600,4.184,4.223,4.159,4.205,,,
2025-03-18,1742256000,4.202,4.231,4.163,4.186,,,
2025-03-19,1742342400,4.184,4.226,4.136,4.136,,,
2025-03-20,1742428800,4.135,4.142,4.066,4.129,,,
2025-03-21,1742515200,4.129,4.143,4.08,4.126,,,
2025-03-24,1742774400,4.146,4.222,4.146,4.218,,,
2025-03-25,1742860800,4.22,4.245,4.177,4.193,,,
2025-03-26,1742947200,4.191,4.234,4.189,4.228,,,
2025-03-27,1743033600,4.228,4.286,4.203,4.223,,,
2025-03-28,1743120000,4.223,4.223,4.107,4.111,,,
2025-03-31,1743379200,4.069,4.122,4.041,4.077,,,
2025-04-01,1743465600,4.08,4.084,4.004,4.042,,,
2025-04-02,1743552000,4.031,4.102,3.98,4.001,,,
2025-04-03,1743638400,3.991,3.991,3.842,3.863,,,
2025-04-04,1743724800,3.868,3.877,3.679,3.837,,,
2025-04-07,1743984000,3.716,4.052,3.7,4.017,,,
2025-04-08,1744070400,4.033,4.104,3.961,4.099,,,
2025-04-09,1744156800,4.094,4.274,4.072,4.204,,,
2025-04-10,1744243200,4.187,4.25,4.105,4.25,,,
2025-04-11,1744329600,4.245,4.396,4.203,4.342,,,
2025-04-14,1744588800,4.32,4.322,4.177,4.193,,,
2025-04-15,1744675200,4.198,4.216,4.117,4.155,,,
2025-04-16,1744761600,4.156,4.156,4.064,4.082,,,
2025-04-17,1744848000,4.077,4.133,4.077,4.126,,,
2025-04-21,1745193600,4.117,4.191,4.108,4.189,,,
2025-04-22,1745280000,4.193,4.218,4.156,4.194,,,
2025-04-23,1745366400,4.193,4.205,4.083,4.203,,,
2025-04-24,1745452800,4.198,4.198,4.109,4.121,,,
2025-04-25,1745539200,4.117,4.135,4.054,4.056,,,
2025-04-28,1745798400,4.053,4.097,4.0,4.007,,,
2025-04-29,1745884800,4.0,4.039,3.959,3.965,,,
2025-04-30,1745971200,3.965,3.997,3.92,3.939,,,
2025-05-01,1746057600,3.942,4.024,3.901,4.006,,,
2025-05-02,1746144000,4.0,4.13,3.988,4.103,,,
2025-05-05,1746403200,4.104,4.346,4.083,4.138,,,
2025-05-06,1746489600,4.14,4.166,4.089,4.093,,,
2025-05-07,1746576000,4.091,4.126,4.047,4.056,,,
2025-05-08,1746662400,4.053,4.189,4.053,4.177,,,
2025-05-09,1746748800,4.177,4.186,4.134,4.183,,,
2025-05-12,1747008000,4.211,4.289,4.206,4.281,,,
2025-05-13,1747094400,4.287,4.305,4.248,4.279,,,
2025-05-14,1747180800,4.277,4.356,4.256,4.352,,,
2025-05-15,1747267200,4.356,4.357,4.234,4.241,,,
2025-05-16,1747353600,4.234,4.262,4.196,4.249,,,
2025-05-19,1747612800,4.279,4.352,4.25,4.255,,,
2025-05-20,1747699200,4.251,4.308,4.229,4.277,,,
2025-05-21,1747785600,4.271,4.378,4.262,4.378,,,
2025-05-22,1747872000,4.382,4.387,4.302,4.305,,,
2025-05-23,1747958400,4.301,4.312,4.22,4.28,,,
2025-05-27,1748304000,4.284,4.284,4.214,4.231,,,
2025-05-28,1748390400,4.231,4.28,4.226,4.263,,,
2025-05-29,1748476800,4.26,4.327,4.196,4.198,,,
2025-05-30,1748563200,4.203,4.213,4.163,4.17,,,
2025-06-02,1748822400,4.187,4.238,4.177,4.215,,,
2025-06-03,1748908800,4.213,4.248,4.181,4.229,,,
2025-06-04,1748995200,4.231,4.244,4.122,4.13,,,
2025-06-05,1749081600,4.129,4.189,4.1,4.184,,,
2025-06-06,1749168000,4.181,4.316,4.164,4.307,,,
2025-06-09,1749427200,4.309,4.315,4.267,4.275,,,
2025-06-10,1749513600,4.274,4.288,4.237,4.271,,,
2025-06-11,1749600000,4.273,4.302,4.197,4.212,,,
2025-06-12,1749686400,4.208,4.208,4.13,4.153,,,
2025-06-13,1749772800,4.156,4.235,4.104,4.189,,,
2025-06-16,1750032000,4.203,4.247,4.186,4.225,,,
2025-06-17,1750118400,4.228,4.228,4.167,4.177,,,
2025-06-18,1750204800,4.17,4.193,4.127,4.18,,,
2025-06-19,1750291200,4.176,4.176,4.176,4.176,,,
2025-06-20,1750377600,4.161,4.222,4.142,4.152,,,
2025-06-23,1750636800,4.152,4.18,4.063,4.114,,,
2025-06-24,1750723200,4.109,4.121,4.049,4.063,,,
2025-06-25,1750809600,4.058,4.093,4.04,4.052,,,
2025-06-26,1750896000,4.049,4.049,3.992,3.993,,,
2025-06-27,1750982400,3.993,4.044,3.993,4.03,,,
2025-06-30,1751241600,4.039,4.043,3.983,3.992,,,
2025-07-01,1751328000,3.994,4.047,3.95,4.019,,,
2025-07-02,1751414400,4.016,4.074,4.013,4.054,,,
2025-07-03,1751500800,4.057,4.134,4.026,4.126,,,
2025-07-07,1751846400,4.099,4.165,4.095,4.152,,,
2025-07-08,1751932800,4.155,4.155,4.151,4.153,,,
2025-07-10,1752105600,4.104,4.148,4.103,4.127,,,
2025-07-11,1752192000,4.123,4.193,4.116,4.181,,,
2025-07-14,1752451200,4.173,4.204,4.167,4.196,,,
2025-07-15,1752537600,4.198,4.259,4.168,4.252,,,
2025-07-16,1752624000,4.259,4.262,4.201,4.214,,,
2025-07-17,1752710400,4.214,4.246,4.189,4.21,,,
2025-07-18,1752796800,4.21,4.21,4.167,4.183,,,
2025-07-21,1753056000,4.17,4.178,4.108,4.13,,,
2025-07-22,1753142400,4.134,4.147,4.084,4.098,,,
2025-07-23,1753228800,4.1,4.15,4.098,4.142,,,
2025-07-24,1753315200,4.144,4.204,4.142,4.165,,,
2025-07-25,1753401600,4.165,4.19,4.148,4.153,,,
2025-07-28,1753660800,4.177,4.185,4.138,4.179,,,
2025-07-29,1753747200,4.179,4.185,4.09,4.091,,,
2025-07-30,1753833600,4.091,4.156,4.089,4.152,,,
2025-07-31,1753920000,4.152,4.162,4.109,4.158,,,
2025-08-01,1754006400,4.164,4.219,3.956,3.974,,,
2025-08-04,1754265600,3.952,4.003,3.939,3.943,,,
2025-08-05,1754352000,3.943,3.977,3.934,3.974,,,
2025-08-06,1754438400,3.97,4.003,3.966,3.982,,,
2025-08-07,1754524800,3.982,3.995,3.964,3.995,,,
2025-08-08,1754611200,3.988,4.032,3.984,4.027,,,
2025-08-11,1754870400,4.03,4.036,4.002,4.036,,,
2025-08-12,1754956800,4.03,4.11,4.005,4.031,,,
2025-08-13,1755043200,4.03,4.043,3.962,3.971,,,
2025-08-14,1755129600,3.974,4.034,3.938,4.026,,,
2025-08-15,1755216000,4.026,4.066,4.009,4.061,,,
2025-08-18,1755475200,4.056,4.082,4.026,4.067,,,
2025-08-19,1755561600,4.067,4.077,4.032,4.041,,,
2025-08-20,1755648000,4.041,4.056,4.002,4.022,,,
2025-08-21,1755734400,4.021,4.082,4.019,4.067,,,
2025-08-22,1755820800,4.065,4.074,3.968,3.979,,,
2025-08-25,1756080000,3.985,4.02,3.984,4.005,,,
2025-08-26,1756166400,4.005,4.028,3.967,3.975,,,
2025-08-27,1756252800,3.978,3.991,3.933,3.937,,,
2025-08-28,1756339200,3.933,3.951,3.91,3.91,,,
2025-08-29,1756425600,3.911,3.943,3.911,3.929,,,
2025-09-02,1756771200,3.954,4.0,3.943,3.961,,,
2025-09-03,1756857600,3.963,3.998,3.906,3.925,,,
2025-09-04,1756944000,3.923,3.924,3.865,3.867,,,
2025-09-05,1757030400,3.865,3.925,3.766,3.796,,,
2025-09-08,1757289600,3.807,3.817,3.767,3.768,,,
2025-09-09,1757376000,3.767,3.818,3.767,3.818,,,
2025-09-10,1757462400,3.813,3.821,3.764,3.784,,,
2025-09-11,1757548800,3.786,3.799,3.73,3.775,,,
2025-09-12,1757635200,3.773,3.831,3.772,3.812,,,
2025-09-15,1757894400,3.819,3.855,3.782,3.791,,,
2025-09-16,1757980800,3.789,3.804,3.768,3.774,,,
2025-09-17,1758067200,3.774,3.842,3.74,3.842,,,
2025-09-18,1758153600,3.84,3.883,3.796,3.854,,,
2025-09-19,1758240000,3.859,3.893,3.853,3.886,,,
2025-09-22,1758499200,3.884,3.899,3.868,3.894,,,
2025-09-23,1758585600,3.897,3.897,3.857,3.857,,,
2025-09-24,1758672000,3.859,3.908,3.853,3.906,,,
2025-09-25,1758758400,3.907,3.963,3.895,3.942,,,
2025-09-26,1758844800,3.945,3.969,3.938,3.964,,,
2025-09-29,1759104000,3.947,3.95,3.918,3.921,,,
2025-09-30,1759190400,3.923,3.937,3.887,3.932,,,
2025-10-01,1759276800,3.934,3.943,3.86,3.87,,,
2025-10-02,1759363200,3.87,3.898,3.858,3.862,,,
2025-10-03,1759449600,3.86,3.905,3.858,3.901,,,
2025-10-06,1759708800,3.92,3.947,3.914,3.933,,,
2025-10-07,1759795200,3.936,3.954,3.89,3.898,,,
2025-10-08,1759881600,3.901,3.916,3.88,3.902,,,
2025-10-09,1759968000,3.905,3.932,3.89,3.923,,,
2025-10-10,1760054400,3.921,3.921,3.825,3.832,,,
2025-10-14,1760400000,3.825,3.84,3.774,3.799,,,
2025-10-15,1760486400,3.801,3.818,3.772,3.804,,,
2025-10-16,1760572800,3.803,3.821,3.736,3.741,,,
2025-10-17,1760659200,3.74,3.787,3.695,3.782,,,
2025-10-20,1760918400,3.787,3.801,3.756,3.757,,,
2025-10-21,1761004800,3.757,3.769,3.725,3.745,,,
2025-10-22,1761091200,3.742,3.756,3.723,3.734,,,
2025-10-23,1761177600,3.734,3.792,3.728,3.788,,,
2025-10-24,1761264000,3.788,3.879,3.757,3.783,,,
2025-10-27,1761523200,3.813,3.828,3.776,3.776,,,
2025-10-28,1761609600,3.782,3.801,3.765,3.775,,,
2025-10-29,1761696000,3.776,3.911,3.774,3.885,,,
2025-10-30,1761782400,3.882,3.92,3.867,3.901,,,
2025-10-31,1761868800,3.898,3.916,3.877,3.898,,,
2025-11-03,1762128000,3.877,3.914,3.876,3.905,,,
2025-11-04,1762214400,3.901,3.907,3.872,3.877,,,
2025-11-05,1762300800,3.875,3.953,3.844,3.951,,,
2025-11-06,1762387200,3.951,3.951,3.861,3.87,,,
2025-11-07,1762473600,3.87,3.893,3.844,3.872,,,
2025-11-10,1762732800,3.905,3.926,3.883,3.904,,,
2025-11-11,1762819200,3.909,3.909,3.909,3.909,,,
2025-11-12,1762905600,3.85,3.872,3.84,3.854,,,
2025-11-13,1762992000,3.848,3.898,3.848,3.893,,,
2025-11-14,1763078400,3.889,3.922,3.832,3.921,,,
2025-11-17,1763337600,3.922,3.926,3.887,3.912,,,
2025-11-18,1763424000,3.912,3.916,3.852,3.875,,,
2025-11-19,1763510400,3.878,3.903,3.862,3.903,,,
2025-11-20,1763596800,3.903,3.933,3.842,3.842,,,
2025-11-21,1763683200,3.843,3.86,3.801,3.813,,,
2025-11-24,1763942400,3.817,3.821,3.781,3.781,,,
2025-11-25,1764028800,3.786,3.803,3.743,3.754,,,
2025-11-26,1764115200,3.754,3.794,3.751,3.755,,,
2025-11-27,1764201600,3.751,3.751,3.751,3.751,,,
2025-11-28,1764288000,3.776,3.796,3.754,3.788,,,
2025-12-01,1764547200,3.801,3.866,3.792,3.858,,,
2025-12-02,1764633600,3.859,3.884,3.85,3.853,,,
2025-12-03,1764720000,3.853,3.855,3.81,3.827,,,
2025-12-04,1764806400,3.826,3.879,3.826,3.868,,,
2025-12-05,1764892800,3.868,3.914,3.858,3.906,,,
2025-12-08,1765152000,3.911,3.966,3.897,3.94,,,
2025-12-09,1765238400,3.941,3.976,3.92,3.976,,,
2025-12-10,1765324800,3.972,3.993,3.915,3.93,,,
2025-12-11,1765411200,3.932,3.932,3.878,3.932,,,
2025-12-12,1765497600,3.927,3.958,3.919,3.954,,,
2025-12-15,1765756800,3.943,3.947,3.91,3.931,,,
2025-12-16,1765843200,3.932,3.947,3.9,3.904,,,
2025-12-17,1765929600,3.902,3.936,3.9,3.91,,,
2025-12-18,1766016000,3.909,3.972,3.861,3.875,,,
2025-12-19,1766102400,3.875,3.912,3.875,3.907,,,
2025-12-22,1766361600,3.91,3.937,3.91,3.926,,,
2025-12-23,1766448000,3.926,3.968,3.907,3.938,,,
2025-12-24,1766534400,3.938,3.942,3.908,3.912,,,
2025-12-26,1766707200,3.921,3.932,3.89,3.903,,,
2025-12-29,1766966400,3.908,3.912,3.876,3.88,,,
2025-12-30,1767052800,3.879,3.91,3.874,3.89,,,
2025-12-31,1767139200,3.893,4.042,3.872,3.933,,,
2026-01-02,1767312000,3.933,3.961,3.921,3.954,,,
2026-01-05,1767571200,3.958,3.958,3.911,3.921,,,
2026-01-06,1767657600,3.916,3.955,3.916,3.932,,,
2026-01-07,1767744000,3.925,3.93,3.889,3.905,,,
2026-01-09,1767916800,3.954,3.974,3.932,3.95,,,
2026-01-12,1768176000,3.949,4.015,3.946,3.957,,,
2026-01-13,1768262400,3.958,3.979,3.927,3.957,,,
2026-01-14,1768348800,3.958,3.959,3.905,3.91,,,
2026-01-15,1768435200,3.911,3.963,3.91,3.962,,,
2026-01-16,1768521600,3.962,4.026,3.953,4.014,,,
2026-01-19,1768780800,4.017,4.017,4.017,4.017,,,
2026-01-20,1768867200,4.017,4.088,4.017,4.074,,,
2026-01-21,1768953600,4.074,4.074,4.029,4.03,,,
2026-01-22,1769040000,4.029,4.093,4.021,4.04,,,
2026-01-23,1769126400,4.043,4.059,4.024,4.024,,,
2026-01-26,1769385600,4.01,4.027,3.998,4.016,,,
2026-01-27,1769472000,4.014,4.035,4.0,4.034,,,
2026-01-28,1769558400,4.032,4.062,4.013,4.03,,,
2026-01-29,1769644800,4.03,4.056,4.002,4.018,,,
2026-01-30,1769731200,4.018,4.057,4.009,4.013,,,
2026-02-02,1769990400,4.018,4.059,3.982,4.056,,,
2026-02-03,1770076800,4.058,4.075,4.04,4.046,,,
2026-02-04,1770163200,4.045,4.066,4.034,4.048,,,
2026-02-05,1770249600,4.048,4.053,3.942,3.943,,,
2026-02-06,1770336000,3.942,3.99,3.916,3.978,,,
2026-02-09,1770595200,3.983,4.016,3.961,3.966,,,
2026-02-10,1770681600,3.966,3.966,3.901,3.916,,,
2026-02-11,1770768000,3.916,3.986,3.897,3.951,,,
2026-02-12,1770854400,3.951,3.955,3.862,3.865,,,
2026-02-13,1770940800,3.865,3.89,3.804,3.809,,,
2026-02-16,1771200000,3.81,3.81,3.81,3.81,,,
2026-02-17,1771286400,3.81,3.828,3.773,3.825,,,
2026-02-18,1771372800,3.826,3.856,3.814,3.853,,,
2026-02-19,1771459200,3.853,3.873,3.832,3.837,,,
2026-02-20,1771545600,3.837,3.873,3.825,3.849,,,
2026-02-23,1771804800,3.846,3.846,3.772,3.788,,,
2026-02-24,1771891200,3.788,3.808,3.78,3.792,,,
2026-02-25,1771977600,3.792,3.821,3.788,3.817,,,
2026-02-26,1772064000,3.817,3.821,3.765,3.765,,,
2026-02-27,1772150400,3.764,3.769,3.703,3.703,,,
2026-03-02,1772409600,3.688,3.841,3.683,3.808,,,
2026-03-03,1772496000,3.808,3.901,3.8,3.836,,,
2026-03-04,1772582400,3.838,3.881,3.818,3.88,,,
2026-03-05,1772668800,3.88,3.937,3.872,3.924,,,
2026-03-06,1772755200,3.926,3.971,3.884,3.925,,,
2026-03-09,1773014400,3.998,4.005,3.881,3.884,,,
2026-03-10,1773100800,3.885,3.941,3.869,3.941,,,
2026-03-11,1773187200,3.941,4.008,3.916,4.008,,,
2026-03-12,1773273600,4.008,4.072,3.982,4.053,,,
2026-03-13,1773360000,4.053,4.074,4.016,4.056,,,
2026-03-16,1773619200,4.04,4.051,3.991,3.991,,,
2026-03-17,1773705600,3.994,4.027,3.963,3.982,,,
2026-03-18,1773792000,3.982,4.064,3.947,4.059,,,
2026-03-19,1773878400,4.061,4.144,4.043,4.058,,,
2026-03-20,1773964800,4.056,4.212,4.056,4.199,,,
2026-03-23,1774224000,4.218,4.279,4.114,4.157,,,
2026-03-24,1774310400,4.157,4.253,4.149,4.181,,,
2026-03-25,1774396800,4.181,4.184,4.122,4.152,,,
2026-03-26,1774483200,4.152,4.263,4.151,4.248,,,
2026-03-27,1774569600,4.253,4.322,4.239,4.256,,,
2026-03-30,1774828800,4.239,4.244,4.139,4.171,,,
2026-03-31,1774915200,4.172,4.178,4.094,4.131,,,
2026-04-01,1775001600,4.131,4.152,4.066,4.139,,,
2026-04-02,1775088000,4.141,4.207,4.101,4.128,,,
2026-04-03,1775174400,4.13,4.189,4.125,4.168,,,
2026-04-06,1775433600,4.183,4.324,4.141,4.162,,,
2026-04-07,1775520000,4.16,4.202,4.109,4.109,,,
2026-04-08,1775606400,4.111,4.114,4.037,4.106,,,
2026-04-09,1775692800,4.107,4.128,4.064,4.083,,,
2026-04-10,1775779200,4.083,4.13,4.077,4.125,,,
2026-04-13,1776038400,4.17,4.17,4.09,4.096,,,
2026-04-14,1776124800,4.095,4.107,4.043,4.046,,,
2026-04-15,1776211200,4.05,4.093,4.037,4.082,,,
2026-04-16,1776297600,4.082,4.109,4.056,4.106,,,
2026-04-17,1776384000,4.106,4.114,4.006,4.035,,,
2026-04-20,1776643200,4.069,4.069,4.032,4.04,,,
2026-04-21,1776729600,4.043,4.117,4.027,4.093,,,
2026-04-22,1776816000,4.093,4.109,4.058,4.106,,,
2026-04-23,1776902400,4.109,4.157,4.088,4.135,,,
2026-04-24,1776988800,4.135,4.157,4.093,4.101,,,
2026-04-27,1777248000,4.127,4.146,4.101,4.136,,,
2026-04-28,1777334400,4.136,4.178,4.128,4.154,,,
2026-04-29,1777420800,4.154,4.292,4.154,4.256,,,
2026-04-30,1777507200,4.256,4.258,4.186,4.192,,,
2026-05-01,1777593600,4.19,4.223,4.157,4.194,,,
2026-05-04,1777852800,4.203,4.381,4.202,4.263,,,
2026-05-05,1777939200,4.263,4.264,4.226,4.253,,,
2026-05-06,1778025600,4.253,4.253,4.152,4.171,,,
2026-05-07,1778112000,4.173,4.223,4.128,4.213,,,
2026-05-08,1778198400,4.213,4.218,4.165,4.176,,,
2026-05-11,1778457600,4.21,4.242,4.202,4.242,,,
2026-05-12,1778544000,4.245,4.295,4.239,4.295,,,
2026-05-13,1778630400,4.298,4.322,4.279,4.287,,,
2026-05-14,1778716800,4.29,4.314,4.253,4.311,,,
2026-05-15,1778803200,4.314,4.434,4.309,4.426,,,
2026-05-18,1779062400,4.433,4.463,4.388,4.409,,,
2026-05-19,1779148800,4.409,4.521,4.407,4.5,,,
2026-05-20,1779235200,4.498,4.513,4.383,4.412,,,
2026-05-21,1779321600,4.415,4.468,4.381,4.404,,,
2026-05-22,1779408000,4.405,4.429,4.361,4.399,,,
2026-05-25,1779667200,4.397,4.397,4.397,4.397,,,
2026-05-26,1779753600,4.397,4.397,4.311,4.319,,,
2026-05-27,1779840000,4.319,4.329,4.277,4.322,,,
2026-05-28,1779926400,4.321,4.372,4.272,4.293,,,
2026-05-29,1780012800,4.293,4.305,4.265,4.282,,,
2026-06-01,1780272000,4.309,4.369,4.293,4.304,,,
2026-06-02,1780358400,4.303,4.316,4.271,4.303,,,
2026-06-03,1780444800,4.304,4.359,4.298,4.354,,,
2026-06-04,1780531200,4.354,4.354,4.3,4.327,,,
2026-06-05,1780617600,4.327,4.42,4.306,4.394,,,
2026-06-08,1780876800,4.412,4.449,4.377,4.425,,,
2026-06-09,1780963200,4.426,4.438,4.375,4.38,,,
2026-06-10,1781049600,4.378,4.418,4.37,4.413,,,
2026-06-11,1781136000,4.413,4.426,4.296,4.314,,,
2026-06-12,1781222400,4.317,4.361,4.285,4.34,,,
2026-06-15,1781481600,4.277,4.327,4.269,4.325,,,
2026-06-16,1781568000,4.327,4.33,4.269,4.293,,,
2026-06-17,1781654400,4.293,4.386,4.277,4.372,,,
2026-06-18,1781740800,4.375,4.375,4.298,4.338,,,
2026-06-19,1781827200,4.34,4.341,4.335,4.335,,,
2026-06-22,1782086400,4.385,4.396,4.359,4.391,,,
2026-06-23,1782172800,4.391,4.391,4.348,4.377,,,
2026-06-24,1782259200,4.377,4.38,4.274,4.274,,,
2026-06-25,1782345600,4.272,4.296,4.236,4.266,,,
2026-06-26,1782432000,4.263,4.278,4.232,4.24,,,
